kap	mrk	lng	trd	ind
Zagrebo	zagreb.0o	NULL	NULL	NULL
Zagrebo	zagreb.0o.cxefurbo	fr		Zagreb
Zagrebo	zagreb.0o.cxefurbo	en		Zagreb
Zagrebo	zagreb.0o.cxefurbo	de		Zagreb
Zairio	zairi.0o	fr		Zaïre
Zairio	zairi.0o	de		Zaire
Zairio	zairi.0o.sxtato	fr		Zaïre
Zairio	zairi.0o.sxtato	de		Zaire
zakusko	zakusk.0o	fr	zakouski (hors-d'œuvre russe)	zakouski
zakusko	zakusk.0o	en		Zakuski
zakusko	zakusk.0o	de		Snack
zakusko	zakusk.0o	de		Sakuska
zakusko	zakusk.0o	de		Häppchen
zakusko	zakusk.0o.KUI	fr	zakouski (hors-d'œuvre russe)	zakouski
zakusko	zakusk.0o.KUI	en		Zakuski
zakusko	zakusk.0o.KUI	de		Snack
zakusko	zakusk.0o.KUI	de		Sakuska
zakusko	zakusk.0o.KUI	de		Häppchen
Zambio	zambi.Z0o	fr		République de Zambie
Zambio	zambi.Z0o	fr		Zambie
Zambio	zambi.Z0o	en		Zambia
Zambio	zambi.Z0o	de		Sambia
Zambio	zambi.Z0o.GEOG	fr		République de Zambie
Zambio	zambi.Z0o.GEOG	fr		Zambie
Zambio	zambi.Z0o.GEOG	en		Zambia
Zambio	zambi.Z0o.GEOG	de		Sambia
Zamenhofa	zamenhof.0a	de		Samenhof's
Zamenhofa	zamenhof.0a	de		Samenhof'sch
Zamenhofa	zamenhof.0a	de		Samenhofisch
Zamenhofa	zamenhof.0a.PERS	de		Samenhof's
Zamenhofa	zamenhof.0a.PERS	de		Samenhof'sch
Zamenhofa	zamenhof.0a.PERS	de		Samenhofisch
Zamenhofa Festo	zamenhof.0a_tago	de		Zamenhoftag
Zamenhofa tago	zamenhof.0a_tago	de		Zamenhoftag
Zamenhofa Festo	zamenhof.0a_tago	de		Samenhoffest
Zamenhofa tago	zamenhof.0a_tago	de		Samenhoffest
zantoksilo	zantoksil.0o	NULL	NULL	NULL
zantoksilo	zantoksil.0o.BOT	en		Zanthoxylum
zantoksilo	zantoksil.0o.KUI	fr		poivre du Sichuan
zantoksilo	zantoksil.0o.KUI	en		mala pepper
zantoksilo	zantoksil.0o.KUI	en		Timut pepper
zantoksilo	zantoksil.0o.KUI	en		Chinese pepper
zantoksilo	zantoksil.0o.KUI	en		Chinese prickly ash
zantoksilo	zantoksil.0o.KUI	en		Szechwan pepper
zantoksilo	zantoksil.0o.KUI	en		Szechuan pepper
zantoksilo	zantoksil.0o.KUI	en		Sichuan pepper
zantoksilo	zantoksil.0o.KUI	de		Szechuanpfeffer
Zanzibaro	zanzibar.0o	fr		Zanzibar
Zanzibaro	zanzibar.0o	en		Zanzibar
Zanzibaro	zanzibar.0o	de		Sansibar
Zaratuŝtro	zaratusxtr.0o	fr		Zarathoustra
Zaratuŝtro	zaratusxtr.0o	fr		Zoroastre
Zaratuŝtro	zaratusxtr.0o	en		Zarathustra
Zaratuŝtro	zaratusxtr.0o	en		Zoroaster
Zaratuŝtro	zaratusxtr.0o	de		Zarathustra
Zaratuŝtro	zaratusxtr.0o	de		Zoroaster
Zaratuŝtro	zaratusxtr.0o.PERS	fr		Zarathoustra
Zaratuŝtro	zaratusxtr.0o.PERS	fr		Zoroastre
Zaratuŝtro	zaratusxtr.0o.PERS	en		Zarathustra
Zaratuŝtro	zaratusxtr.0o.PERS	en		Zoroaster
Zaratuŝtro	zaratusxtr.0o.PERS	de		Zarathustra
Zaratuŝtro	zaratusxtr.0o.PERS	de		Zoroaster
zarzuelo	zarzuel.0o	fr		zarzuela
zarzuelo	zarzuel.0o	de		Zarzuela
zarzuelo	zarzuel.0o.MUZ	de		Zarzuela
zarzuelo	zarzuel.0o.MUZ	fr		zarzuela
zeo	ze.0o	fr	monument dédié à l'Espéranto	monument
zeo	ze.0o	fr	monument dédié à Zamenhof	monument
zeo	ze.0o.ESP	fr	monument dédié à l'Espéranto	monument
zeo	ze.0o.ESP	fr	monument dédié à Zamenhof	monument
zebro	zebr.0o	fr		zèbre
zebro	zebr.0o	en		zebra
zebro	zebr.0o	de		Zebra
zebuo	zebu.0o	fr		zébu
zebuo	zebu.0o	en		zebu
zebuo	zebu.0o	en		Brahman
zebuo	zebu.0o	de		Buckelrind
zebuo	zebu.0o	de		Zebu
zefiro	zefir.0o	fr		zéphyr
zefiro	zefir.0o	fr		brise
zefiro	zefir.0o	en		zephyr
zefiro	zefir.0o	de		Zephir
zekeno	zeken.0o	fr		sequin
zekeno	zeken.0o	en		Venetian ducat
zekeno	zeken.0o	en		zecchino
zekeno	zeken.0o	en		sequin
zekeno	zeken.0o	de		Zechine
zekeno	zeken.0o	de		Dukat
zekeno	zeken.0o.EKON	fr		sequin
zekeno	zeken.0o.EKON	en		Venetian ducat
zekeno	zeken.0o.EKON	en		zecchino
zekeno	zeken.0o.EKON	en		sequin
zekeno	zeken.0o.EKON	de		Zechine
zekeno	zeken.0o.EKON	de		Dukat
Zelando	zeland.Z0o	en		Zealand
Zelando	zeland.Z0o	de		Seeland
Zelando	zeland.Z0o.insulo	en		Zealand
Zelando	zeland.Z0o.insulo	de		Seeland
Zelando	zeland.Z0o.insulo	fr		Sélande
Zelando	zeland.Z0o.insulo	fr		Seeland
Zelando	zeland.Z0o.provinco	de		Seeland
Zelando	zeland.Z0o.provinco	fr		Zélande
Zelando	zeland.Z0o.provinco	en		Zealand
zelkovo	zelkov.0o	fr		zelkova
zelkovo	zelkov.0o	en		zelkova
zelkovo	zelkov.0o	de		Zelkove
zelkovo	zelkov.0o.BOT	fr		zelkova
zelkovo	zelkov.0o.BOT	en		zelkova
zelkovo	zelkov.0o.BOT	de		Zelkove
zeloto	zelot.0o	fr		zélote
zeloto	zelot.0o	de		Zelot
zeloto	zelot.0o.FIG	fr		zélote
zeloto	zelot.0o.FIG	de		Zelot
zeloto	zelot.0o.FIG	en		zealot
zeloto	zelot.0o.FIG	en		fanatic
zeloto	zelot.0o.FIG	de	religiöser Eiferer	Eiferer
zeloto	zelot.0o.FIG	de		Glaubensfanatiker
zeloto	zelot.0o.FIG	de		Fanatiker
zeloto	zelot.0o.FIG	de		Zelot
zeloto	zelot.0o.HIS	fr		zélote
zeloto	zelot.0o.HIS	de		Zelot
zenismo	zen.0ismo	fr	zen (subst.)	zen
zenismo	zen.0ismo	de		Zazen
zenito	zenit.0o	fr		zénith
zenito	zenit.0o	de		Scheitelpunkt
zenito	zenit.0o	en		zenith
zenito	zenit.0o	de		Zenit
zenito	zenit.0o.AST	fr		zénith
zenito	zenit.0o.AST	de		Scheitelpunkt
zenito	zenit.0o.AST	en		zenith
zenito	zenit.0o.AST	de		Zenit
zenito	zenit.0o.FIG	fr		zénith
zenito	zenit.0o.FIG	en		zenith
zenito	zenit.0o.FIG	de		Zenit
zenito	zenit.0o.FIG	de		Scheitelpunkt
zeolito	zeolit.0o	fr		zéolithe
zeolito	zeolit.0o	fr		zéolite
zeolito	zeolit.0o.MIN	fr		zéolithe
zeolito	zeolit.0o.MIN	fr		zéolite
zepelino	zepelin.0o	fr		zeppelin
zepelino	zepelin.0o	fr	ballon dirigeable	dirigeable
zepelino	zepelin.0o	en		zeppelin
zepelino	zepelin.0o	de		Zeppelin
zepelino	zepelin.0o	de		Luftschiff
zepelino	zepelin.0o.AVI	fr		zeppelin
zepelino	zepelin.0o.AVI	fr	ballon dirigeable	dirigeable
zepelino	zepelin.0o.AVI	en		zeppelin
zepelino	zepelin.0o.AVI	de		Zeppelin
zepelino	zepelin.0o.AVI	de		Luftschiff
zepto-	zepto.0	fr		zepto-
zepto-	zepto.0	en		zepto-
zepto-	zepto.0	de		Zepto-
zepto-	zepto.0.MEZ	fr		zepto-
zepto-	zepto.0.MEZ	en		zepto-
zepto-	zepto.0.MEZ	de		Zepto-
zeto	zet.0o	fr		zêta
zeto	zet.0o	en		zeta
zeto	zet.0o.LIN	fr		zêta
zeto	zet.0o.LIN	en		zeta
zeta-	zeta.0	fr		zetta-
zeta-	zeta.0	en		zetta-
zeta-	zeta.0	de		Zetta-
zeta-	zeta.0.MEZ	fr		zetta-
zeta-	zeta.0.MEZ	en		zetta-
zeta-	zeta.0.MEZ	de		Zetta-
zeŭgmo	zeuxgm.0o	fr		zeugma
zeŭgmo	zeuxgm.0o	fr		zeugme
zeŭgmo	zeuxgm.0o	en		zeugma
zeŭgmo	zeuxgm.0o	de		Zeugma
zibelo	zibel.0o	de		Zobel
zibelo	zibel.0o	fr		zibeline
zibelo	zibel.0o	en		marten
zibelo	zibel.0o	en		sable
zibelo	zibel.0o.ZOO	de		Zobel
zibelo	zibel.0o.ZOO	fr		zibeline
zibelo	zibel.0o.ZOO	en		marten
zibelo	zibel.0o.ZOO	en		sable
zibelo	zibel.0o.pelto	fr		zibeline
zibelo	zibel.0o.pelto	en		marten
zibelo	zibel.0o.pelto	en		sable
zibelo	zibel.0o.pelto	de		Zobel
zibeto	zibet.0o	fr	grande civette d'Inde	civette
zibeto	zibet.0o	en		civet
zibeto	zibet.0o	de		Zibetkatze
zibeto	zibet.0o.ZOO	fr	grande civette d'Inde	civette
zibeto	zibet.0o.ZOO	en		civet
zibeto	zibet.0o.ZOO	de		Zibetkatze
zigofilacoj	zigofi.0oj	fr		zygophylacées
zigofilacoj	zigofi.0oj	de		Jochblattgewächse
zigomo	zigom.0o	de		Jochbein
zigomo	zigom.0o	fr	os zygomatique	zygomatique
zigomo	zigom.0o	en		zygomatic bone
zigomo	zigom.0o.ANA	de		Jochbein
zigomo	zigom.0o.ANA	fr	os zygomatique	zygomatique
zigomo	zigom.0o.ANA	en		zygomatic bone
zigoto	zigot.0o	fr		zygote
zigoto	zigot.0o	en		zygote
zigoto	zigot.0o	de		Zygote
zigoto	zigot.0o.GNT	fr		zygote
zigoto	zigot.0o.GNT	en		zygote
zigoto	zigot.0o.GNT	de		Zygote
zigurato	zigurat.0o	fr		ziggourat
zigurato	zigurat.0o	de		Zikkurat
zigurato	zigurat.0o.ARKI	fr		ziggourat
zigurato	zigurat.0o.ARKI	de		Zikkurat
zigzagi	zigzag.0i	fr		zigzaguer
zigzagi	zigzag.0i	en		zigzag
zigzagi	zigzag.0i	de		herumzackern
zigzagi	zigzag.0i	de	im Zickzack laufen	laufen
zigzagi	zigzag.0i.FORM	fr		zigzaguer
zigzagi	zigzag.0i.FORM	en		zigzag
zigzagi	zigzag.0i.FORM	de		herumzackern
zigzagi	zigzag.0i.FORM	de	im Zickzack laufen	laufen
zigzago	zigzag.0o	en		zigzag
zigzago	zigzag.0o	de		Zickzack
zigzago	zigzag.0o	fr		zigzag
zigzago	zigzag.0o.FORM	de		Zickzack
zigzago	zigzag.0o.FORM	fr		zigzag
zigzago	zigzag.0o.FORM	en		zigzag
Zimbabvo	zimbabv.Z0o	fr		République du Zimbabwe
Zimbabvo	zimbabv.Z0o	fr		Zimbabwe
Zimbabvo	zimbabv.Z0o	en	Republic of Zimbabwe	Zimbabwe
Zimbabvo	zimbabv.Z0o	en		Zimbabwe
Zimbabvo	zimbabv.Z0o	de	Republik Simbabwe	Simbabwe
Zimbabvo	zimbabv.Z0o	de		Simbabwe
Zimbabvo	zimbabv.Z0o.GEOG	fr		République du Zimbabwe
Zimbabvo	zimbabv.Z0o.GEOG	fr		Zimbabwe
Zimbabvo	zimbabv.Z0o.GEOG	en	Republic of Zimbabwe	Zimbabwe
Zimbabvo	zimbabv.Z0o.GEOG	en		Zimbabwe
Zimbabvo	zimbabv.Z0o.GEOG	de	Republik Simbabwe	Simbabwe
Zimbabvo	zimbabv.Z0o.GEOG	de		Simbabwe
zimbalono	zimbalon.0o	fr		cymbalum
zimbalono	zimbalon.0o	en		dulcimer
zimbalono	zimbalon.0o	de		Zymbel
zimbalono	zimbalon.0o.MUZ	fr		cymbalum
zimbalono	zimbalon.0o.MUZ	en		dulcimer
zimbalono	zimbalon.0o.MUZ	de		Zymbel
zingibro	zingib.0o	fr		gingembre
zingibro	zingib.0o	en		ginger
zingibro	zingib.0o	de		Ingwer
zingibracoj	zingib1.0oj	fr		Zingibéracées
zingibracoj	zingib1.0oj	de		zingibéracées
zingibracoj	zingib1.0oj	de		Ingwergewächse
zinki	zink.0i	fr		zinguer
zinki	zink.0i	en		hot dip
zinki	zink.0i	en		zinc
zinki	zink.0i	en		galvanize
zinki	zink.0i	en		zinc-plate
zinki	zink.0i	de		verzinken
zinki	zink.0i.TEK	fr		zinguer
zinki	zink.0i.TEK	en		zinc
zinki	zink.0i.TEK	en		galvanize
zinki	zink.0i.TEK	en		zinc-plate
zinki	zink.0i.TEK	de		verzinken
zinki	zink.0i.TEK	en		hot dip
zinko	zink.0o	fr		zinc
zinko	zink.0o	en		zinc
zinko	zink.0o	de		Zink
zinko	zink.0o.KEM	fr		zinc
zinko	zink.0o.KEM	en		zinc
zinko	zink.0o.KEM	de		Zink
zipi	zip.0i	en		zip
zipi	zip.0i	de		Reißverschluss schließen
zipi	zip.0i	fr	fermer (une fermeture éclair)	fermer
zipi	zip.0i.TEKS	en		zip
zipi	zip.0i.TEKS	de		Reißverschluss schließen
zipi	zip.0i.TEKS	fr	fermer (une fermeture éclair)	fermer
zipo	zip.0o	fr		fermeture éclair
zipo	zip.0o	fr		fermeture à glissière
zipo	zip.0o	en		zip fastener
zipo	zip.0o	en	zipper (ĉefe Usono)	zipper
zipo	zip.0o	en	zip (Britujo)	zip
zipo	zip.0o	de		Reißverschluss
zipo	zip.0o.TEKS	fr		fermeture éclair
zipo	zip.0o.TEKS	fr		fermeture à glissière
zipo	zip.0o.TEKS	en		zip fastener
zipo	zip.0o.TEKS	en	zipper (ĉefe Usono)	zipper
zipo	zip.0o.TEKS	en	zip (Britujo)	zip
zipo	zip.0o.TEKS	de		Reißverschluss
malzipi	zip.mal0i	fr	ouvrir (une fermeture éclair)	ouvrir
malzipi	zip.mal0i	en		unzip
malzipi	zip.mal0i	de		Reißverschluss öffnen
malzipi	zip.mal0i.TEKS	fr	ouvrir (une fermeture éclair)	ouvrir
malzipi	zip.mal0i.TEKS	en		unzip
malzipi	zip.mal0i.TEKS	de		Reißverschluss öffnen
zirkono	zirkon.0o	de		Zirkon
zirkonio	zirkoni.0o	NULL	NULL	NULL
zirkonio	zirkoni.0o.dioksido	de		Zirkonia
zirkonio	zirkoni.0o.elemento	fr		zirconium
zirkonio	zirkoni.0o.elemento	en		zirconium
zirkonio	zirkoni.0o.elemento	de		Zirconium
zizelo	zizel.0o	fr		spermophile
zizelo	zizel.0o	fr		souslik
zizelo	zizel.0o	en		suslik
zizelo	zizel.0o	de		Erdhörnchen
zizelo	zizel.0o	de		Ziesel
zizelo	zizel.0o.ZOO	fr		spermophile
zizelo	zizel.0o.ZOO	fr		souslik
zizelo	zizel.0o.ZOO	en		suslik
zizelo	zizel.0o.ZOO	de		Erdhörnchen
zizelo	zizel.0o.ZOO	de		Ziesel
zizifo	zizif.0o	NULL	NULL	NULL
zizifo	zizif.0o.genro	fr		jujubiers
zizifo	zizif.0o.genro	en		Ziziphus
zizifo	zizif.0o.genro	de		Ziziphus
zloto	zlot.0o	fr		zloty
zloto	zlot.0o.EKON	fr		zloty
zoo	zo.0o	de		Zoo
zoo	zo.0o	de		zoologischer Garten
zoo	zo.0o	fr		zoo
zoo	zo.0o	fr		jardin zoologique
zoo	zo.0o	en		zoo
zoo	zo.0o.bestogxardeno	de		Zoo
zoo	zo.0o.bestogxardeno	de		zoologischer Garten
zoo	zo.0o.bestogxardeno	fr		zoo
zoo	zo.0o.bestogxardeno	fr		jardin zoologique
zoo	zo.0o.bestogxardeno	en		zoo
zodiako	zodiak.0o	en		zodiac
zodiako	zodiak.0o	de		Tierkreis
zodiako	zodiak.0o	fr		zodiaque
zomi	zom.0i	fr		zoomer
zomi	zom.0i	en		zoom in
zomi	zom.0i	de		zoomen
zomi	zom.0i.FOT	fr		zoomer
zomi	zom.0i.FOT	en		zoom in
zomi	zom.0i.FOT	de		zoomen
zomo	zom.0o	fr		zoom
zomo	zom.0o	en		zoom lens
zomo	zom.0o	de		Zoom
zomo	zom.0o.FOT	fr		zoom
zomo	zom.0o.FOT	en		zoom lens
zomo	zom.0o.FOT	de		Zoom
malzomi	zom.mal0i	fr		dézoomer
malzomi	zom.mal0i	en		zoom out
malzomi	zom.mal0i.FOT	fr		dézoomer
malzomi	zom.mal0i.FOT	en		zoom out
zombia	zombi.0a	en		zombielike
zombia	zombi.0a.KOMUNE	en		zombielike
zombio	zombi.0o	fr		zombie
zombio	zombi.0o	fr		zombi
zombio	zombi.0o	en		zombie
zombio	zombi.0o	de		Zombie
zombio	zombi.0o.KOMP	fr		zombie
zombio	zombi.0o.KOMP	fr		zombi
zombio	zombi.0o.KOMP	en		zombie
zombio	zombi.0o.KOMP	de		Zombie
zombio	zombi.0o.KOMUNE	fr		zombie
zombio	zombi.0o.KOMUNE	fr		zombi
zombio	zombi.0o.KOMUNE	en		zombie
zombio	zombi.0o.KOMUNE	de		Zombie
zoni	zon.0i	de		gürten
zoni	zon.0i	en	belt (vt, encircle)	belt
zoni	zon.0i	fr		entourer
zoni	zon.0i	fr		ceindre
zoni	zon.0i.FIG	en	belt (vt, encircle)	belt
zoni	zon.0i.FIG	fr		entourer
zoni	zon.0i.FIG	fr		ceindre
zoni	zon.0i.FIG	de		gürten
zoni	zon.0i.cxirkauxigi	de		gürten
zoni	zon.0i.cxirkauxigi	en	belt (vt, encircle)	belt
zoni	zon.0i.cxirkauxigi	fr		entourer
zoni	zon.0i.cxirkauxigi	fr		ceindre
zoni	zon.0i.fiksi	fr		entourer
zoni	zon.0i.fiksi	fr		ceindre
zoni	zon.0i.fiksi	de		gürten
zoni	zon.0i.fiksi	en	belt (vt, encircle)	belt
zono	zon.0o	fr		zone sphérique
zono	zon.0o	fr	zone (géog.)	zone
zono	zon.0o	fr	taille (ceinture)	taille
zono	zon.0o	fr		ceinturon
zono	zon.0o	fr	ceinture (vêtement, taille, fig.)	ceinture
zono	zon.0o.MAT	fr		zone sphérique
zono	zon.0o.MAT	fr	zone (géog.)	zone
zono	zon.0o.MAT	fr	taille (ceinture)	taille
zono	zon.0o.MAT	fr		ceinturon
zono	zon.0o.MAT	fr	ceinture (vêtement, taille, fig.)	ceinture
zono	zon.0o.MAT	fr	zone (sphérique)	zone
zono	zon.0o.MAT	en	(spherical) zone	zone
zono	zon.0o.MAT	de	Zone (einer Kugel)	Zone
zono	zon.0o.TEKS	fr		zone sphérique
zono	zon.0o.TEKS	fr	zone (géog.)	zone
zono	zon.0o.TEKS	fr	taille (ceinture)	taille
zono	zon.0o.TEKS	fr		ceinturon
zono	zon.0o.TEKS	fr	ceinture (vêtement, taille, fig.)	ceinture
zono	zon.0o.TEKS	fr		ceinture
zono	zon.0o.TEKS	en	belt (noun, clothing)	belt
zono	zon.0o.TEKS	de		Gürtel
zono	zon.0o.areo	fr		zone sphérique
zono	zon.0o.areo	fr	zone (géog.)	zone
zono	zon.0o.areo	fr	taille (ceinture)	taille
zono	zon.0o.areo	fr		ceinturon
zono	zon.0o.areo	fr	ceinture (vêtement, taille, fig.)	ceinture
zono	zon.0o.areo	en		zone
zono	zon.0o.areo	de		Zone
ĉirkaŭzoni	zon.cxirkaux0i	fr		ceinturer
ĉirkaŭzoni	zon.cxirkaux0i	en		gird
ĉirkaŭzoni	zon.cxirkaux0i	de		umgürten
ĉirkaŭzoni	zon.cxirkaux0i.KOMUNE	fr		ceinturer
ĉirkaŭzoni	zon.cxirkaux0i.KOMUNE	en		gird
ĉirkaŭzoni	zon.cxirkaux0i.KOMUNE	de		umgürten
horzono	zon.hor0o	fr		fuseau horaire
horzono	zon.hor0o	en		timezone
horzono	zon.hor0o	de		Zeitzone
horzono	zon.hor0o.KAL	fr		fuseau horaire
horzono	zon.hor0o.KAL	en		timezone
horzono	zon.hor0o.KAL	de		Zeitzone
kapzono	zon.kap0o	fr		serre-tête
kapzono	zon.kap0o	en		headband
kapzono	zon.kap0o.TEKS	fr		serre-tête
kapzono	zon.kap0o.TEKS	en		headband
kolzono	zon.kol0o	en	collar (noun, animal)	collar
kolzono	zon.kol0o	de		Halsband
mamzono	zon.mam0o	en		bra
mamzono	zon.mam0o	de		BH
mamzono	zon.mam0o	de		Büstenhalter
mamzono	zon.mam0o	fr		soutien-gorge
mamzono	zon.mam0o	en		brassiere
mamzono	zon.mam0o.TEKS	de		BH
mamzono	zon.mam0o.TEKS	de		Büstenhalter
mamzono	zon.mam0o.TEKS	fr		soutien-gorge
mamzono	zon.mam0o.TEKS	en		brassiere
mamzono	zon.mam0o.TEKS	en		bra
savzono	zon.sav0o	fr		ceinture de sauvetage
savzono	zon.sav0o	fr	bouée (de nage)	bouée
savzono	zon.sav0o	en		life belt
savzono	zon.sav0o	de		Rettungsring
savzono	zon.sav0o	de		Schwimmgürtel
savzono	zon.sav0o.MAR	fr		ceinture de sauvetage
savzono	zon.sav0o.MAR	fr	bouée (de nage)	bouée
savzono	zon.sav0o.MAR	en		life belt
savzono	zon.sav0o.MAR	de		Rettungsring
savzono	zon.sav0o.MAR	de		Schwimmgürtel
sekurzono	zon.sekur0o	fr		ceinture de sécurité
sekurzono	zon.sekur0o	en		safety belt
sekurzono	zon.sekur0o	en		seat belt
sekurzono	zon.sekur0o	de		Sicherheitsgurt
sekurzono	zon.sekur0o.TRA	fr		ceinture de sécurité
sekurzono	zon.sekur0o.TRA	en		safety belt
sekurzono	zon.sekur0o.TRA	en		seat belt
sekurzono	zon.sekur0o.TRA	de		Sicherheitsgurt
ŝelkozono	zon.sxelk0o	fr		harnais
ŝelkozono	zon.sxelk0o	en	harness (noun)	harness
ŝelkozono	zon.sxelk0o.RAJ	en	harness (noun)	harness
ŝelkozono	zon.sxelk0o.RAJ	de	Geschirr (Pferd)	Geschirr
ŝelkozono	zon.sxelk0o.RAJ	fr		harnais
ŝelkozono	zon.sxelk0o.SPO	fr		harnais
ŝelkozono	zon.sxelk0o.SPO	en	harness (noun)	harness
ŝelkozono	zon.sxelk0o.SPO	de		Brustgurt
ŝelkozono	zon.sxelk0o.SPO	de		Klettergurt
ŝultrozono	zon.sxultro0o	fr		bandoulière
ŝultrozono	zon.sxultro0o	en		shoulder belt
ŝultrozono	zon.sxultro0o	de		Schärpe
ŝultrozono	zon.sxultro0o.TEKS	en		shoulder belt
ŝultrozono	zon.sxultro0o.TEKS	de		Schärpe
ŝultrozono	zon.sxultro0o.TEKS	fr		bandoulière
terzono	zon.ter0o	en		geographical zone
terzono	zon.ter0o.GEOG	en		geographical zone
terzono	zon.ter0o.GEOG	de		Klimazone
terzono	zon.ter0o.strio	en		geographical zone
terzono	zon.ter0o.strio	de		Landstrich
zoofito	zoofit.0o	fr		zoophyte
zoofito	zoofit.0o	en		zoophyte
zoofito	zoofit.0o	de		Pflanzentier
zoofito	zoofit.0o	de		Zoophyt
zoogeografio	zoogeografi.0o	en		zoogeography
zoogeografio	zoogeografi.0o.BIO	en		zoogeography
zoogeografio	zoogeografi.0o.BIO	fr		zoogéographie
zoologo	zoolog.0o	fr		zoologiste
zoologo	zoolog.0o	en		zoologist
zoologo	zoolog.0o	de		Zoologin
zoologo	zoolog.0o	de		Zoologe
zoologiisto	zoolog1.0isto	fr		zoologiste
zoologiisto	zoolog1.0isto	en		zoologist
zoologiisto	zoolog1.0isto	de		Zoologe
zoologiisto	zoolog1.0isto.SCI	fr		zoologiste
zoologiisto	zoolog1.0isto.SCI	en		zoologist
zoologiisto	zoolog1.0isto.SCI	de		Zoologe
zoologio	zoolog1.0o	fr		zoologie
zoologio	zoolog1.0o	en		zoology
zoologio	zoolog1.0o	de		Zoologie
zoologio	zoolog1.0o.SCI	fr		zoologie
zoologio	zoolog1.0o.SCI	en		zoology
zoologio	zoolog1.0o.SCI	de		Zoologie
zoomorfa	zoomorf.0a	en		zoomorphic
zoomorfa	zoomorf.0a.KOMUNE	en		zoomorphic
zooplanktono	zooplankton.0o	de		Zooplankton
zooplanktono	zooplankton.0o	en		zooplankton
zooplanktono	zooplankton.0o.BIO	en		zooplankton
zooplanktono	zooplankton.0o.BIO	de		Zooplankton
zorga	zorg.0a	en	careful (adj)	careful
zorga	zorg.0a	de		sorgenvoll
zorga	zorg.0a	de		sorgsam
zorga	zorg.0a	de		sorgfältig
zorga	zorg.0a	fr		soigneux
zorga	zorg.0a.PSI	en	careful (adj)	careful
zorga	zorg.0a.PSI	de		sorgenvoll
zorga	zorg.0a.PSI	de		sorgsam
zorga	zorg.0a.PSI	de		sorgfältig
zorga	zorg.0a.PSI	fr		soigneux
prizorganto	zorg.0anto	fr		tuteur
zorganto	zorg.0anto	fr		tuteur
prizorganto	zorg.0anto	fr	protecteur (subst.)	protecteur
zorganto	zorg.0anto	fr	protecteur (subst.)	protecteur
prizorganto	zorg.0anto	en		janitor
zorganto	zorg.0anto	en		janitor
prizorganto	zorg.0anto	en		caretaker
zorganto	zorg.0anto	en		caretaker
prizorganto	zorg.0anto	de		Versorger
zorganto	zorg.0anto	de		Versorger
prizorganto	zorg.0anto	de		Pflegerin
zorganto	zorg.0anto	de		Pflegerin
prizorganto	zorg.0anto	de		Pfleger
zorganto	zorg.0anto	de		Pfleger
zorgato	zorg.0ato	fr	protégé (subst.)	protégé
zorgato	zorg.0ato	en	ward (noun, a person)	ward
zorgato	zorg.0ato	de		Zögling
zorgato	zorg.0ato	de		Pflegling
zorgato	zorg.0ato	de		Pflegeperson
zorge de	zorg.0ede	fr		par les soins de
zorge de	zorg.0ede	en	in the care of	care
zorge de	zorg.0ede	de		durch
zorge de	zorg.0ede	de	betreut von	betreut
zorge de	zorg.0ede	de	unter Aufsicht von	Aufsicht
zorge de	zorg.0ede	de	unter Leitung von	Leitung
zorge de	zorg.0ede.KOMUNE	fr		par les soins de
zorge de	zorg.0ede.KOMUNE	en	in the care of	care
zorge de	zorg.0ede.KOMUNE	de		durch
zorge de	zorg.0ede.KOMUNE	de	betreut von	betreut
zorge de	zorg.0ede.KOMUNE	de	unter Aufsicht von	Aufsicht
zorge de	zorg.0ede.KOMUNE	de	unter Leitung von	Leitung
zorgema	zorg.0ema	fr		inquiet
zorgema	zorg.0ema	en	careful (adj, characteristic)	careful
zorgema	zorg.0ema	de		sorgsam
zorgema	zorg.0ema	de		sorgfältig
zorgema	zorg.0ema.KOMUNE	fr		inquiet
zorgema	zorg.0ema.KOMUNE	en	careful (adj, characteristic)	careful
zorgema	zorg.0ema.KOMUNE	de		sorgsam
zorgema	zorg.0ema.KOMUNE	de		sorgfältig
zorgi	zorg.0i	fr		s'occuper de
zorgi	zorg.0i	en	care (vi, vt)	care
zorgi	zorg.0i	de	sich kümmern	kümmern
zorgi	zorg.0i.maltrankvili	fr		s'occuper de
zorgi	zorg.0i.maltrankvili	en	care (vi, vt)	care
zorgi	zorg.0i.maltrankvili	de	sich kümmern	kümmern
zorgi	zorg.0i.maltrankvili	fr	se faire du souci	souci
zorgi	zorg.0i.maltrankvili	fr	se soucier de	soucier
zorgi	zorg.0i.maltrankvili	en	worry (vi, vt)	worry
zorgi	zorg.0i.pri_ies_bono	fr		s'occuper de
zorgi	zorg.0i.pri_ies_bono	en	care (vi, vt)	care
zorgi	zorg.0i.pri_ies_bono	de	sich kümmern	kümmern
zorgi	zorg.0i.pri_io_bone	fr		s'occuper de
zorgi	zorg.0i.pri_io_bone	en	care (vi, vt)	care
zorgi	zorg.0i.pri_io_bone	de	sich kümmern	kümmern
zorgi	zorg.0i.pri_io_bone	en		look after
zorgi	zorg.0i.pri_io_bone	en		care for
zorgigi	zorg.0igi	fr		préoccuper
zorgigi	zorg.0igi	en	make worry (vt)	make worry
zorgo	zorg.0o	de		Sorge
zorgo	zorg.0o.peno	de		Sorge
zorgo	zorg.0o.peno	de		Versorgung
zorgo	zorg.0o.peno	de		Pflege
zorgo	zorg.0o.peno	fr		soin
zorgo	zorg.0o.peno	en	care (noun)	care
zorgo	zorg.0o.premsento	de		Sorge
zorgo	zorg.0o.premsento	fr		souci
zorgo	zorg.0o.premsento	en	worry (noun)	worry
antaŭzorgi	zorg.antaux0i	de		vorsorgen
antaŭzorgi	zorg.antaux0i	fr	prévenir (empêcher)	prévenir
antaŭzorgi	zorg.antaux0i	en	take care (vt, be cautious)	take care
antaŭzorgi	zorg.antaux0i	de	Vorsorge treffen	treffen
domzorgisto	zorg.dom0isto	fr		concierge
domzorgisto	zorg.dom0isto	en		caretaker
domzorgisto	zorg.dom0isto	de		Hausmeister
malzorgi	zorg.mal0i	fr		négliger
malzorgi	zorg.mal0i	en	neglect (vt)	neglect
malzorgi	zorg.mal0i	de		verwahrlosen lassen
malzorgi	zorg.mal0i	de		verkommen lassen
malzorgi	zorg.mal0i	de		vernachlässigen
nezorgema	zorg.ne0ema	fr		négligent
nezorgema	zorg.ne0ema	fr		insoucieux
nezorgema	zorg.ne0ema	en	careless (adj, characteristic)	careless
nezorgema	zorg.ne0ema.KOMUNE	fr		négligent
nezorgema	zorg.ne0ema.KOMUNE	fr		insoucieux
nezorgema	zorg.ne0ema.KOMUNE	en	careless (adj, characteristic)	careless
prizorgi	zorg.pri0i	fr		soigner
prizorgi	zorg.pri0i	fr		entretenir
prizorgi	zorg.pri0i	en		look after
prizorgi	zorg.pri0i	en		take care of
prizorgi	zorg.pri0i	de		umsorgen
prizorgi	zorg.pri0i	de		versorgen
prizorgi	zorg.pri0i	de		pflegen
prizorgi	zorg.pri0i.KOMUNE	fr		soigner
prizorgi	zorg.pri0i.KOMUNE	fr		entretenir
prizorgi	zorg.pri0i.KOMUNE	en		look after
prizorgi	zorg.pri0i.KOMUNE	en		take care of
prizorgi	zorg.pri0i.KOMUNE	de		umsorgen
prizorgi	zorg.pri0i.KOMUNE	de		versorgen
prizorgi	zorg.pri0i.KOMUNE	de		pflegen
senzorga	zorg.sen0a	fr		insouciant
senzorga	zorg.sen0a	en	carefree (adj)	carefree
senzorga	zorg.sen0a	de		unbeschwert
senzorga	zorg.sen0a	de		unbesorgt
senzorga	zorg.sen0a	de		sorglos
senzorga	zorg.sen0a	fr		sans souci
senzorga	zorg.sen0a.ne	en	carefree (adj)	carefree
senzorga	zorg.sen0a.ne	de		unbeschwert
senzorga	zorg.sen0a.ne	de		unbesorgt
senzorga	zorg.sen0a.ne	de		sorglos
senzorga	zorg.sen0a.ne	fr		sans souci
senzorga	zorg.sen0a.ne	fr		insouciant
zorio	zori.0o	fr		tong
zorio	zori.0o	en		flip-flop
zorio	zori.0o	en		thong
zorio	zori.0o	de		Flipflop
zorio	zori.0o	de		Dianette
zorio	zori.0o	de		Zehenstegsandale
zorio	zori.0o.TEKS	fr		tong
zorio	zori.0o.TEKS	en		flip-flop
zorio	zori.0o.TEKS	en		thong
zorio	zori.0o.TEKS	de		Flipflop
zorio	zori.0o.TEKS	de		Dianette
zorio	zori.0o.TEKS	de		Zehenstegsandale
zosteropo	zosterops.0o	fr		zosterops
zosteropso	zosterops.0o	fr		zosterops
zosteropo	zosterops.0o	fr		oiseau lunette
zosteropso	zosterops.0o	fr		oiseau lunette
zosteropo	zosterops.0o	en		white-eye
zosteropso	zosterops.0o	en		white-eye
zosteropo	zosterops.0o.ZOO	de		Brillenvogel
zosteropso	zosterops.0o.ZOO	de		Brillenvogel
zosteropo	zosterops.0o.ZOO	fr		oiseau lunette
zosteropso	zosterops.0o.ZOO	fr		oiseau lunette
zosteropo	zosterops.0o.ZOO	fr		zosterops
zosteropso	zosterops.0o.ZOO	fr		zosterops
zosteropo	zosterops.0o.ZOO	en		white-eye
zosteropso	zosterops.0o.ZOO	en		white-eye
zuavo	zuav.0o	fr		zouave
zuavo	zuav.0o	en		Zouave
zuavo	zuav.0o	de		Suawah
zuavo	zuav.0o	de		Zuave
zuavo	zuav.0o.MIL	fr		zouave
zuavo	zuav.0o.MIL	en		Zouave
zuavo	zuav.0o.MIL	de		Suawah
zuavo	zuav.0o.MIL	de		Zuave
zulua	zulu.0a	fr	zoulou (adj.)	zoulou
zulua	zulu.0a	en		zulu
zuluo	zulu.0o	fr	Zoulou (subst.)	Zoulou
zuluo	zulu.0o	en		Zulu
zuluo	zulu.0o	de		Zulu
zumado	zum.0ado	fr		bourdonnement
zumado	zum.0ado	en	hum (noun)	hum
zumado	zum.0ado	en	buzz (noun)	buzz
zumado	zum.0ado.SON	fr		bourdonnement
zumado	zum.0ado.SON	en	hum (noun)	hum
zumado	zum.0ado.SON	en	buzz (noun)	buzz
zumegi	zum.0egi	fr		vrombir
zumegi	zum.0egi	en	buzz (vi, loud sound)	buzz
zumegi	zum.0egi.KOMUNE	en	buzz (vi, loud sound)	buzz
zumegi	zum.0egi.KOMUNE	en	hum (vi, loud sound)	hum
zumegi	zum.0egi.KOMUNE	fr		vrombir
zumi	zum.0i	fr		bourdonner
zumi	zum.0i.SON	fr		bourdonner
Zuriko	zurik.0o	fr		Zurich
Zuriko	zurik.0o	en		Zurich
Zuriko	zurik.0o	de		Zürich
Zuriko	zurik.0o.kantono	fr		Zurich
Zuriko	zurik.0o.kantono	en		Zurich
Zuriko	zurik.0o.kantono	de		Zürich
Zuriko	zurik.0o.urbo	fr		Zurich
Zuriko	zurik.0o.urbo	en		Zurich
Zuriko	zurik.0o.urbo	de		Zürich
zzz	zzz.0	fr	zzz (bruit d'insecte volant)	zzz
zzz	zzz.0	en	bzzz (sound of an insect flying)	bzzz
zzz	zzz.0.SON	fr	zzz (bruit d'insecte volant)	zzz
zzz	zzz.0.SON	en	bzzz (sound of an insect flying)	bzzz
