#kap	mrk	lng	trd	ind
ublieto	ubliet.0o	fr		oubliette
ublieto	ubliet.0o	en		oubliette
ublieto	ubliet.0o	en		bottle dungeon
ublieto	ubliet.0o	de		Kerker
ublieto	ubliet.0o.POL	fr		oubliette
ublieto	ubliet.0o.POL	en		oubliette
ublieto	ubliet.0o.POL	en		bottle dungeon
ublieto	ubliet.0o.POL	de		Kerker
udono	udon.0o	fr		udon
udono	udon.0o	de		Udon
udono	udon.0o	en		udon
udono	udon.0o.KUI	fr		udon
udono	udon.0o.KUI	de		Udon
udono	udon.0o.KUI	en		udon
Ueno	uen.0o	NULL	NULL	NULL
Ueno	uen.0o.kvartalo	fr		Ueno
Ueno	uen.0o.kvartalo	en		Ueno
Ueno	uen.0o.kvartalo	de		Ueno
Ugando	ugand.U0o	NULL	NULL	NULL
Ugando	ugand.U0o.GEOG	fr		Uganda
Ugando	ugand.U0o.GEOG	en		Uganda
Ugando	ugand.U0o.GEOG	de		Uganda
ugviso	ugvis.0o	fr		uguisu
ugviso	ugvis.0o	fr		bouscarle chanteuse
ugviso	ugvis.0o	en		manchurian bush-warbler
ugviso	ugvis.0o	de		Japanbuschsänger
ugviso	ugvis.0o.ZOO	fr		uguisu
ugviso	ugvis.0o.ZOO	fr		bouscarle chanteuse
ugviso	ugvis.0o.ZOO	en		manchurian bush-warbler
ugviso	ugvis.0o.ZOO	de		Japanbuschsänger
-uj	uj.0	NULL	NULL	NULL
-uj	uj.0.entenilo	fr	-ier (suffixe de contenant)	-ier
-uj	uj.0.entenilo	de		Gefäß
-uj	uj.0.entenilo	de		Behälter
-uj	uj.0.entenilo	fr	-ière (suffixe de contenant)	-ière
-uj	uj.0.lando	de		Staat
-uj	uj.0.lando	de		Land
-uj	uj.0.planto	de		Busch
-uj	uj.0.planto	de		Strauch
-uj	uj.0.planto	de		Baum
ujo	uj.0o	fr	enveloppe (contenant)	enveloppe
ujo	uj.0o	fr	contenant (subst.)	contenant
ujo	uj.0o	en		container
ujo	uj.0o.KOMUNE	fr	enveloppe (contenant)	enveloppe
ujo	uj.0o.KOMUNE	fr	contenant (subst.)	contenant
ujo	uj.0o.KOMUNE	en		container
enujigi	uj.en0igi	fr	ranger (mettre dans un contenant)	ranger
enujigi	uj.en0igi.KOMUNE	fr	ranger (mettre dans un contenant)	ranger
ujutna	ujutn.0a	en		cozy
ujutna	ujutn.0a	en		cosy
ujutna	ujutn.0a	de		gesellig
ujutna	ujutn.0a	de		kuschelig
ujutna	ujutn.0a	de		beschaulich
ujutna	ujutn.0a	de		behaglich
ujutna	ujutn.0a	de		gemütlich
-uk	uk.0	NULL	NULL	NULL
ukazo	ukaz.0o	fr		ukase
ukazo	ukaz.0o	fr		oukase
ukazo	ukaz.0o	en		ukase
ukazo	ukaz.0o	de		Ukas
ukazo	ukaz.0o.JUR	fr		ukase
ukazo	ukaz.0o.JUR	fr		oukase
ukazo	ukaz.0o.JUR	en		ukase
ukazo	ukaz.0o.JUR	de		Ukas
Ukrainio	ukraini.0o	en		Ukraine
Ukrainio	ukraini.0o	de		Ukraine
Ukrainio	ukraini.0o	fr		Ukraine
Ukrainio	ukraini.0o.GEOG	de		Ukraine
Ukrainio	ukraini.0o.GEOG	fr		Ukraine
Ukrainio	ukraini.0o.GEOG	en		Ukraine
ukrajna	ukrajn.0a	fr	ukrainien (adjectif)	ukrainien
ukraina	ukrajn.0a	fr	ukrainien (adjectif)	ukrainien
ukrajna	ukrajn.0a	en		Ukrainian
ukraina	ukrajn.0a	en		Ukrainian
ukrajna	ukrajn.0a	de		ukrainisch
ukraina	ukrajn.0a	de		ukrainisch
ukrajno	ukrajn.0o	NULL	NULL	NULL
ukraino	ukrajn.0o	NULL	NULL	NULL
ukrajno	ukrajn.0o.homo	de		Ukrainer
ukraino	ukrajn.0o.homo	de		Ukrainer
ukrajno	ukrajn.0o.homo	fr	Ukrainien (habitant)	Ukrainien
ukraino	ukrajn.0o.homo	fr	Ukrainien (habitant)	Ukrainien
ukrajno	ukrajn.0o.homo	en		Ukrainian
ukraino	ukrajn.0o.homo	en		Ukrainian
ukrajno	ukrajn.0o.homo	de		Ukrainerin
ukraino	ukrajn.0o.homo	de		Ukrainerin
Ukrajno	ukrajn.U0o	NULL	NULL	NULL
Ukraino	ukrajn.U0o	NULL	NULL	NULL
Ukrajno	ukrajn.U0o.GEOG	NULL	NULL	NULL
Ukraino	ukrajn.U0o.GEOG	NULL	NULL	NULL
Ukrajnujo	ukrajn.U0ujo	fr		Ukraine
Ukrainujo	ukrajn.U0ujo	fr		Ukraine
Ukrajnujo	ukrajn.U0ujo	en		Ukraine
Ukrainujo	ukrajn.U0ujo	en		Ukraine
Ukrajnujo	ukrajn.U0ujo	de		Ukraine
Ukrainujo	ukrajn.U0ujo	de		Ukraine
ukrajnino	ukrajn.in0o	fr	Ukrainienne (habitante)	Ukrainienne
ukrainino	ukrajn.in0o	fr	Ukrainienne (habitante)	Ukrainienne
ukrajnino	ukrajn.in0o	en		Ukrainian woman
ukrainino	ukrajn.in0o	en		Ukrainian woman
ukrajnino	ukrajn.in0o	de		Ukrainerin
ukrainino	ukrajn.in0o	de		Ukrainerin
ukulelo	ukulel.0o	fr		ukulélé
ukulelo	ukulel.0o	en		ukulele
ukulelo	ukulel.0o	de		Ukulele
ukulelo	ukulel.0o.MUZ	fr		ukulélé
ukulelo	ukulel.0o.MUZ	en		ukulele
ukulelo	ukulel.0o.MUZ	de		Ukulele
-ul	ul.0	de	-er	er
ulo	ul.0o	de		Typ
ulo	ul.0o	fr		individu
ulo	ul.0o	en		guy
ulo	ul.0o	en		gal
ulo	ul.0o	en		fellow
ulo	ul.0o	en		dude
ulo	ul.0o	en		chick
ulo	ul.0o	en		chap
ulo	ul.0o	en		bloke
ulo	ul.0o	en		person
ulo	ul.0o	en		individual
ulo	ul.0o	de		Kerl
ulo	ul.0o	de		Person
ulo	ul.0o	de		Individuum
Ulambano	ulamban.0o	fr	Ullambana (fête des morts bouddhique)	Ullambana
Ulambano	ulamban.0o	de		Allerseelenfest
Ulambano	ulamban.0o	de		Ullambana
Ulambano	ulamban.0o.BUD	fr	Ullambana (fête des morts bouddhique)	Ullambana
Ulambano	ulamban.0o.BUD	de		Allerseelenfest
Ulambano	ulamban.0o.BUD	de		Ullambana
ulano	ulan.0o	fr		uhlan
ulano	ulan.0o	en		ulan
ulano	ulan.0o	en		uhlan
ulano	ulan.0o	de		Ulan
ulano	ulan.0o.MIL	en		ulan
ulano	ulan.0o.MIL	en		uhlan
ulano	ulan.0o.MIL	fr		uhlan
ulano	ulan.0o.MIL	de		Ulan
Ulanbatoro	ulanbator.0o	NULL	NULL	NULL
Ulanbatoro	ulanbator.0o.cxefurbo	fr		Oulan-Bator
Ulanbatoro	ulanbator.0o.cxefurbo	en		Ulaanbaatar
Ulanbatoro	ulanbator.0o.cxefurbo	de		Ulaanbaatar
ulcero	ulcer.0o	fr		ulcère
ulcero	ulcer.0o	en		ulcer
ulcero	ulcer.0o	de		Ulkus
ulcero	ulcer.0o	de		Geschwür
ulcero	ulcer.0o.MED	en		ulcer
ulcero	ulcer.0o.MED	de		Ulkus
ulcero	ulcer.0o.MED	de		Geschwür
ulcero	ulcer.0o.MED	fr		ulcère
ulekso	uleks.0o	fr		ajonc
ulekso	uleks.0o	en		whin
ulekso	uleks.0o	en		furze
ulekso	uleks.0o	en		gorse
ulekso	uleks.0o	de		Stechginster
ulemo	ulem.0o	fr		uléma
ulemo	ulem.0o	fr		ouléma
ulemo	ulem.0o.ISL	fr		uléma
ulemo	ulem.0o.ISL	fr		ouléma
Uliso	ulis.0o	en		Ulysses
Uliso	ulis.0o	de		Ulysses
ulmo	ulm.0o	fr		orme
ulmo	ulm.0o	en		elm
ulmo	ulm.0o	de		Ulme
ulmo	ulm.0o.BOT	fr		orme
ulmo	ulm.0o.BOT	en		elm
ulmo	ulm.0o.BOT	de		Ulme
ulmacoj	ulmac.0oj	fr		ulmacées
ulmacoj	ulmac.0oj	en		ulmaceae
ulmacoj	ulmac.0oj	de		Ulmengewächse
ulmacoj	ulmac.0oj.BOT	fr		ulmacées
ulmacoj	ulmac.0oj.BOT	en		ulmaceae
ulmacoj	ulmac.0oj.BOT	de		Ulmengewächse
ulno	uln.0o	NULL	NULL	NULL
ulno	uln.0o.kubutosto	de		Elle
ulno	uln.0o.kubutosto	fr		ulna
ulno	uln.0o.kubutosto	fr		cubitus
ulno	uln.0o.kubutosto	en		ulna
ulno	uln.0o.mezurilo	de		Zollstock
ulno	uln.0o.mezurunuo	fr		aune de Paris
ulno	uln.0o.mezurunuo	fr		coudée
ulno	uln.0o.mezurunuo	de		Elle
ulno	uln.0o.mezurunuo	en		arm's length
ulno	uln.0o.mezurunuo	en		ell
ulno	uln.0o.mezurunuo	en		cubit
Ulstero	ulster.0o	NULL	NULL	NULL
Ulstero	ulster.0o.regiono	fr		Ulster
Ulstero	ulster.0o.regiono	en		Ulster
Ulstero	ulster.0o.regiono	de		Ulster
ultimato	ultima.0o	fr		ultimatum
ultimato	ultima.0o	en		ultimatum
ultimato	ultima.0o	de		Ultimatum
ultimato	ultima.0o.MIL	fr		ultimatum
ultimato	ultima.0o.MIL	en		ultimatum
ultimato	ultima.0o.MIL	de		Ultimatum
ultra-	ultra.0	fr		ultra-
ultra-	ultra.0.SCI	fr		ultra-
ultramaro	ultram.0o	fr		outremer
ultramaro	ultram.0o	en		ultramarine
ultramaro	ultram.0o	de		Ultramarinblau
ultrasono	ultrason.0o	en		ultrasound
ultrasono	ultrason.0o	de		Ultraschall
ultrasono	ultrason.0o	fr		ultrason
ultrasono	ultrason.0o.FIZ	de		Ultraschall
ultrasono	ultrason.0o.FIZ	fr		ultrason
ultrasono	ultrason.0o.FIZ	en		ultrasound
ultraviola	ultraviol.0a	fr		ultraviolet
ultraviola	ultraviol.0a	de		ultraviolett
ultraviola	ultraviol.0a.FIZ	fr		ultraviolet
ultraviola	ultraviol.0a.FIZ	de		ultraviolett
ululi	ulul.0i	NULL	NULL	NULL
ululi	ulul.0i.ZOO_lupo	fr	hurler (animal)	hurler
ululi	ulul.0i.ZOO_lupo	en		howl
ululi	ulul.0i.ZOO_lupo	de	heulen (Wolf)	heulen
ululi	ulul.0i.ZOO_strigo	de	schreien (Eule)	schreien
ululi	ulul.0i.ZOO_strigo	fr		hululer
ululi	ulul.0i.ZOO_strigo	en		hoot
-um	um.0	de		um-
-um	um.0	de		be-
-um	um.0.KOMUNE	de		be-
-um	um.0.KOMUNE	de		um-
-um	um.0.MAT	de		be-
-um	um.0.MAT	de		um-
umi	um.0i	fr		farfouiller
umi	um.0i.KOMUNE	fr		farfouiller
umi	um.0i.KOMUNE	de		abhängen
umi	um.0i.KOMUNE	de		werkeln
umi	um.0i.KOMUNE	de		herumlungern
umi	um.0i.KOMUNE	de		dingsen
umi	um.0i.KOMUNE	de		rummachen
umilo	um.0ilo	fr		truc
umilo	um.0ilo	fr		gadget
umilo	um.0ilo.senutila	fr		truc
umilo	um.0ilo.senutila	fr		gadget
umilo	um.0ilo.senutila	de		Dingsbums
umilo	um.0ilo.senutila	de		Gadget
umilo	um.0ilo.senutila	de		Schnickschnack
umbela	umbel.0a	NULL	NULL	NULL
umbelo	umbel.0o	fr		ombelle
umbelo	umbel.0o	en		umbel
umbelo	umbel.0o	de		Dolde
umbeliferoj	umbelifer.0oj	fr		Ombellifères
umbeliferoj	umbelifer.0oj	en		carrot and parsley family
umbeliferoj	umbelifer.0oj	en		celery
umbeliferoj	umbelifer.0oj	en		Umbelliferae
umbeliferoj	umbelifer.0oj	de		Doldenblütler
umbeliferoj	umbelifer.0oj	de		Doldengewächse
umbilika ŝnuro	umbili.0asxnuro	fr		cordon ombilical
umbilika ŝnuro	umbili.0asxnuro	de		Nabelschnur
umbilika ŝnuro	umbili.0asxnuro.ANA	fr		cordon ombilical
umbilika ŝnuro	umbili.0asxnuro.ANA	de		Nabelschnur
umbilika ŝnuro	umbili.0asxnuro.ANA	en		umbilical cord
umbilikistino	umbili.0istino	fr		accoucheuse
umbilikistino	umbili.0istino	de		Hebamme
umbilikistino	umbili.0istino.MED	fr		accoucheuse
umbilikistino	umbili.0istino.MED	de		Hebamme
umbiliko	umbili.0o	NULL	NULL	NULL
umbiliko	umbili.0o.ANA	fr		ombilic
umbiliko	umbili.0o.ANA	fr		nombril
umbiliko	umbili.0o.ANA	en		tummy button
umbiliko	umbili.0o.ANA	en		umbilicus
umbiliko	umbili.0o.ANA	en		belly button
umbiliko	umbili.0o.ANA	en		navel
umbiliko	umbili.0o.ANA	de		Nabel
umbiliko	umbili.0o.BOT	de		Hilum
umbiliko	umbili.0o.egoo	de	Nabel (Ego)	Nabel
umearbo	ume.0arbo	fr		abricotier japonais
umearbo	ume.0arbo	en		Japanese plum
umearbo	ume.0arbo	en		Japanese apricot
umearbo	ume.0arbo	en		ume
umearbo	ume.0arbo	de		Ume-Baum
umearbo	ume.0arbo.BOT	fr		abricotier japonais
umearbo	ume.0arbo.BOT	en		Japanese plum
umearbo	ume.0arbo.BOT	en		Japanese apricot
umearbo	ume.0arbo.BOT	en		ume
umearbo	ume.0arbo.BOT	de		Ume-Baum
umeo	ume.0o	NULL	NULL	NULL
umeo	ume.0o.KUI	en		Japanese apricot
umeo	ume.0o.KUI	en		ume
umeo	ume.0o.KUI	de		Ume-Pflaume
umeo	ume.0o.KUI	en		Japanese plum
umeo	ume.0o.arbo	NULL	NULL	NULL
umlaŭto	umlauxt.0o	fr		umlaut
umlaŭto	umlauxt.0o	en		umlaut
umlaŭto	umlauxt.0o.FON	fr		umlaut
umlaŭto	umlauxt.0o.FON	en		umlaut
un'	un.0	fr	un ! (comptage du rythme, de la cadence)	un !
unco	unc.0o	fr		once
unco	unc.0o	en		ounce
unco	unc.0o	de		Unze
unco	unc.0o.MEZ	fr		once
unco	unc.0o.MEZ	en		ounce
unco	unc.0o.MEZ	de		Unze
uncialo	uncial.0o	de		Unziale
uncialo	uncial.0o	fr		onciale
uncialo	uncial.0o	en		uncial script
Unesko	unesk.0o	fr		UNESCO
Unesko	unesk.0o	en		UNESCO
Unesko	unesk.0o	de		UNESCO
Unesko	unesk.0o.organizo	fr		UNESCO
Unesko	unesk.0o.organizo	en		UNESCO
Unesko	unesk.0o.organizo	de		UNESCO
ungego	ung.0ego	fr		serre
ungego	ung.0ego	fr		griffe
ungego	ung.0ego	de		Klaue
ungego	ung.0ego	de		Kralle
ungego	ung.0ego	en	talon (precipe p.p. birdoj)	talon
ungego	ung.0ego	en		claw
ungo	ung.0o	fr		sabot
ungo	ung.0o	fr		griffe
ungo	ung.0o	fr		ongle
ungo	ung.0o	en	toenail (p.p. la piedfingroj)	toenail
ungo	ung.0o	en	fingernail (p.p la fingro)	fingernail
ungo	ung.0o	de		Kralle
ungo	ung.0o	de		Nagel
ungvento	ungven.0o	fr		onguent
ungvento	ungven.0o	en		unguent
ungvento	ungven.0o	en		ointment
ungvento	ungven.0o	de		Heilsalbe
ungvento	ungven.0o	de		Zugsalbe
uniano	uni.0ano	fr		uniate
uniano	uni.0ano.KRI	fr		uniate
uniano	uni.0ano.KRI	en		Uniate
uniano	uni.0ano.KRI	en		Uniat
uniano	uni.0ano.KRI	de		Unierter
unio	uni.0o	fr		union
unio	uni.0o	de		
unio	uni.0o	de		Union
unio	uni.0o	de		
unio	uni.0o.KOMP	fr		union
unio	uni.0o.KOMP	de		
unio	uni.0o.KOMP	de		Union
unio	uni.0o.KOMP	de		
unio	uni.0o.KOMP	en		union type
unio	uni.0o.KOMP	en		union
unio	uni.0o.KOMP	de	Union (Datenstruktur)	Union
unio	uni.0o.KRI	de		Uniatismus
unio	uni.0o.KRI	de	Kirchenunion (katolika)	Kirchenunion
unio	uni.0o.KRI	de		Kirchenunion
unio	uni.0o.KRI	fr		union
unio	uni.0o.KRI	de		
unio	uni.0o.KRI	de		Union
unio	uni.0o.KRI	de		
unio	uni.0o.KRI	en		Uniatism
unio	uni.0o.POL	en		union
unio	uni.0o.POL	de		Bund
unio	uni.0o.POL	de		Zusammenschluss
unio	uni.0o.POL	fr		union
unio	uni.0o.POL	de		
unio	uni.0o.POL	de		Union
unio	uni.0o.POL	de		
Eŭropa Unio	uni.Euxropa_U0o	fr		Union européenne
Eŭropa Unio	uni.Euxropa_U0o	de		Europäische Union
Eŭropa Unio	uni.Euxropa_U0o.POL	fr		Union européenne
Eŭropa Unio	uni.Euxropa_U0o.POL	de		Europäische Union
uniata	uniat.0a	fr	uniate (adj.)	uniate
uniata	uniat.0a	en		Uniate
uniata	uniat.0a	en		Uniat
uniato	uniat.0o	fr	uniate (subst.)	uniate
uniato	uniat.0o	en		Uniate
uniato	uniat.0o	en		Uniat
uniformo	unifor.0o	en		uniform
uniformo	unifor.0o	de		Uniform
uniformo	unifor.0o	fr		uniforme
unika	unik.0a	fr		unique
unika	unik.0a	en		unique
unika	unik.0a	de		einzigartig
unika	unik.0a	de		einmalig
unika	unik.0a	de		einzig
unika	unik.0a.eksterordinara	fr		unique
unika	unik.0a.eksterordinara	en		unique
unika	unik.0a.eksterordinara	de		einzigartig
unika	unik.0a.eksterordinara	de		einmalig
unika	unik.0a.eksterordinara	de		einzig
unika	unik.0a.ununura	fr		unique
unika	unik.0a.ununura	en		unique
unika	unik.0a.ununura	de		einzigartig
unika	unik.0a.ununura	de		einmalig
unika	unik.0a.ununura	de		einzig
unikaĵo	unik.0ajxo	de		Ein­ma­lig­keit
unikaĵo	unik.0ajxo	de		Einzelstück
unikaĵo	unik.0ajxo	de		Unikat
Unikodo	unikod.0o	fr		Unicode
Unikodo	unikod.0o	en		Unicode
Unikodo	unikod.0o	de		Unikode
Unikodo	unikod.0o	de		Unicode
unikorno	unikorn.0o	fr		licorne
unikorno	unikorn.0o	en		unicorn
Unikso	uniks.0o	fr		Unix
Unikso	uniks.0o	en		Unix
Unikso	uniks.0o	de		Unix
uniksulo	uniks.0ulo	fr		Unixien
uniksulo	uniks.0ulo	en		Unix fan
uniksulo	uniks.0ulo	en		Unix user
uniksulo	uniks.0ulo	de		Unixler
unisono	unison.0o	de		Einmütigkeit
unisono	unison.0o	de		Übereinstimmung
unisono	unison.0o	fr		unisson
unisono	unison.0o	en		unison
unisono	unison.0o	de		Unisono
unisono	unison.0o.MUZ	de		Übereinstimmung
unisono	unison.0o.MUZ	fr		unisson
unisono	unison.0o.MUZ	en		unison
unisono	unison.0o.MUZ	de		Unisono
unisono	unison.0o.MUZ	de		Einmütigkeit
universa	univer.0a	fr	universel (cosmique)	universel
universa	univer.0a	fr		cosmique
universa	univer.0a	en		universal
universa	univer.0a.FIZ	fr	universel (cosmique)	universel
universa	univer.0a.FIZ	fr		cosmique
universa	univer.0a.FIZ	en		universal
universo	univer.0o	fr		univers
universo	univer.0o	en		universe
universo	univer.0o	de		Universum
universo	univer.0o.FIZ	fr		univers
universo	univer.0o.FIZ	en		universe
universo	univer.0o.FIZ	de		Universum
paralela universo	univer.paralela0o	fr		univers parallèle
paralela universo	univer.paralela0o.FIL	fr		univers parallèle
universala	univer1.0a	fr		universel
universala	univer1.0a	en		universal
universala	univer1.0a	de		universell
universala	univer1.0a.KOMUNE	fr		universel
universala	univer1.0a.KOMUNE	en		universal
universala	univer1.0a.KOMUNE	de		universell
universala	univer1.0a.cxiam_tauga	fr		universel
universala	univer1.0a.cxiam_tauga	en		universal
universala	univer1.0a.cxiam_tauga	de		universell
universala	univer1.0a.tutmonda	fr		universel
universala	univer1.0a.tutmonda	en		universal
universala	univer1.0a.tutmonda	de		universell
universalaĵo	univer1.0ajxo	NULL	NULL	NULL
universalaĵo	univer1.0ajxo.KOMUNE	fr	universaux (sg)	universaux
universalismo	univer1.0ismo	fr		universalisme
universalismo	univer1.0ismo.KOMUNE	fr		universalisme
universitata parko	univer2.0aareo	fr		campus
universitata areo	univer2.0aareo	fr		campus
universitata parko	univer2.0aareo	en		campus
universitata areo	univer2.0aareo	en		campus
universitata parko	univer2.0aareo	de		Campus
universitata areo	univer2.0aareo	de		Campus
universitata parko	univer2.0aareo.PED	fr		campus
universitata areo	univer2.0aareo.PED	fr		campus
universitata parko	univer2.0aareo.PED	en		campus
universitata areo	univer2.0aareo.PED	en		campus
universitata parko	univer2.0aareo.PED	de		Campus
universitata areo	univer2.0aareo.PED	de		Campus
universitato	univer2.0o	fr		université
universitato	univer2.0o	en		university
universitato	univer2.0o	de		Hochschule
universitato	univer2.0o	de		Universität
universitato	univer2.0o.PED	fr		université
universitato	univer2.0o.PED	en		university
universitato	univer2.0o.PED	de		Hochschule
universitato	univer2.0o.PED	de		Universität
unkario	unkari.0o	en		gambir
unkario	unkari.0o	fr		gambier
unkario	unkari.0o	de		Katzenkralle
unkario	unkari.0o	en		gambier
unkario	unkari.0o	de		Klimmstrauch
unkario	unkari.0o.BOT	en		gambir
unkario	unkari.0o.BOT	fr		gambier
unkario	unkari.0o.BOT	de		Katzenkralle
unkario	unkari.0o.BOT	en		gambier
unkario	unkari.0o.BOT	de		Klimmstrauch
unkti	unkt.0i	en		anoint
unkti	unkt.0i	de		salben
unkti	unkt.0i	de	ölen (religiös)	ölen
unkti	unkt.0i	fr		oindre
unkti	unkt.0i.KOMUNE	de		salben
unkti	unkt.0i.KOMUNE	de	ölen (religiös)	ölen
unkti	unkt.0i.KOMUNE	fr		oindre
unkti	unkt.0i.KOMUNE	en		anoint
unu	unu.0	fr		un
unu	unu.0	en		one
unu	unu.0	de		eins
unu	unu.0.artikolo	fr		un
unu	unu.0.artikolo	en		one
unu	unu.0.artikolo	de		eins
unu	unu.0.artikolo	fr		un certain
unu	unu.0.unuj	fr		un
unu	unu.0.unuj	en		one
unu	unu.0.unuj	de		eins
unu	unu.0.ununura	fr		un
unu	unu.0.ununura	en		one
unu	unu.0.ununura	de		eins
unu al la alia	unu.0_la_alian	fr		l'un l'autre
unu la alian	unu.0_la_alian	fr		l'un l'autre
unu al la alia	unu.0_la_alian	en		each other
unu la alian	unu.0_la_alian	en		each other
unu al la alia	unu.0_la_alian	de		einadner
unu la alian	unu.0_la_alian	de		einadner
unu post unu	unu.0_post_la_alia	fr		l'un après l'autre
unu post alia	unu.0_post_la_alia	fr		l'un après l'autre
unu post la alia	unu.0_post_la_alia	fr		l'un après l'autre
unu post unu	unu.0_post_la_alia.KOMUNE	fr		l'un après l'autre
unu post alia	unu.0_post_la_alia.KOMUNE	fr		l'un après l'autre
unu post la alia	unu.0_post_la_alia.KOMUNE	fr		l'un après l'autre
unuaaĵo	unu.0aajxo	fr		prémices
unuaaĵo	unu.0aajxo	en		first fruits
unuaaĵo	unu.0aajxo.AGR	fr		prémices
unuaaĵo	unu.0aajxo.AGR	en		first fruits
unuaeco	unu.0aeco	fr		primauté
unuaeco	unu.0aeco	en		primacy
unuaeco	unu.0aeco.JUR	fr		primauté
unuaeco	unu.0aeco.JUR	en		primacy
unuaĵo	unu.0ajxo	en		unit
unuaĵo	unu.0ajxo	de		Ganzes
unuaulo	unu.0aulo	en		eminence (person)
unuaulo	unu.0aulo	en		highest ranking person
unuaulo	unu.0aulo.KOMUNE	en		eminence (person)
unuaulo	unu.0aulo.KOMUNE	en		highest ranking person
unuavenaĵo	unu.0avenajxo	fr		prémices
unuavenaĵo	unu.0avenajxo	en		first fruits
unuavenaĵo	unu.0avenajxo.BIB	fr		prémices
unuavenaĵo	unu.0avenajxo.BIB	en		first fruits
unue	unu.0e	de		zuerst
unue	unu.0e	en		originally
unue	unu.0e	en		first of all
unue	unu.0e	en		firstly
unue	unu.0e	en		first
unue	unu.0e	fr		d'abord
unue	unu.0e	fr		premièrement
unue	unu.0e	de		zunächst
unue	unu.0e	de		erstens
unue	unu.0e	de	als erstes	erstes
unue	unu.0e.antaux_cxio	de		zuerst
unue	unu.0e.antaux_cxio	en		originally
unue	unu.0e.antaux_cxio	en		first of all
unue	unu.0e.antaux_cxio	en		firstly
unue	unu.0e.antaux_cxio	en		first
unue	unu.0e.antaux_cxio	fr		d'abord
unue	unu.0e.antaux_cxio	fr		premièrement
unue	unu.0e.antaux_cxio	de		zunächst
unue	unu.0e.antaux_cxio	de		erstens
unue	unu.0e.antaux_cxio	de	als erstes	erstes
unue	unu.0e.unuafoje	de		zuerst
unue	unu.0e.unuafoje	en		originally
unue	unu.0e.unuafoje	en		first of all
unue	unu.0e.unuafoje	en		firstly
unue	unu.0e.unuafoje	en		first
unue	unu.0e.unuafoje	de		ersmalig
unue	unu.0e.unuafoje	fr		d'abord
unue	unu.0e.unuafoje	fr		premièrement
unue	unu.0e.unuafoje	de		zunächst
unue	unu.0e.unuafoje	de		erstens
unue	unu.0e.unuafoje	de	als erstes	erstes
unueco	unu.0eco	de		Einheitlichkeit
unueco	unu.0eco	de		Einheit
unueco	unu.0eco	fr	unité (qualité)	unité
unueco	unu.0eco	en		unity
unueco	unu.0eco.kohero	de		Einheitlichkeit
unueco	unu.0eco.kohero	de		Einheit
unueco	unu.0eco.kohero	fr	unité (qualité)	unité
unueco	unu.0eco.kohero	en		unity
unueco	unu.0eco.unikeco	de		Einheitlichkeit
unueco	unu.0eco.unikeco	de		Einheit
unueco	unu.0eco.unikeco	fr	unité (qualité)	unité
unueco	unu.0eco.unikeco	en		unity
unuhava	unu.0hava	fr		unifère
unuhava	unu.0hava	en	with unit	unit
unuhava	unu.0hava	de	mit Einselement	Einselement
unuigi	unu.0igi	fr		unir
unuigi	unu.0igi	en		unite
unuigi	unu.0igi	en		unify
unuigi	unu.0igi	en		amalgamate
unuigi	unu.0igi	de		einen
unuigi	unu.0igi	de		vereinigen
unuiĝi	unu.0igxi	fr	s'unir	unir
unuiĝi	unu.0igxi	en		unite
unuiĝi	unu.0igxi	en		unify
unuiĝi	unu.0igxi	de		zusammengehen
unuiĝi	unu.0igxi	de	sich vereinigen	vereinigen
unuiĝo	unu.0igxo	en		unification
unuiĝo	unu.0igxo	de		Vereinigung
unuiĝo	unu.0igxo.POL	en		unification
unuiĝo	unu.0igxo.POL	de		Vereinigung
unuiĝo	unu.0igxo.POL	en		union
unuo	unu.0o	en		unit
unuo	unu.0o	fr		unité
unuo	unu.0o	de		Einheit
unuo	unu.0o.abstrakta	fr		unité
unuo	unu.0o.abstrakta	de		Einheit
unuo	unu.0o.abstrakta	en		unit
unuo	unu.0o.mezuro	fr		unité
unuo	unu.0o.mezuro	de		Einheit
unuo	unu.0o.mezuro	en		unit
unuo	unu.0o.neuxtra	fr		unité
unuo	unu.0o.neuxtra	de		Einheit
unuo	unu.0o.neuxtra	en		unit
unuo	unu.0o.neuxtra	en	unit (element)	unit
unuo	unu.0o.neuxtra	de		Einselement
imaginara unuo	unu.imaginara0o	fr		unité imaginaire
imaginara unuo	unu.imaginara0o	en	imaginary unit	unit
imaginara unuo	unu.imaginara0o	de	imaginäre Einheit	Einheit
malunueco	unu.mal0eco	fr		disparité
malunueco	unu.mal0eco	en		disunity
malunueco	unu.mal0eco	fr		pluralité
malunueco	unu.mal0eco.KOMUNE	fr		disparité
malunueco	unu.mal0eco.KOMUNE	en		disunity
malunueco	unu.mal0eco.KOMUNE	fr		pluralité
mezurunuo	unu.mezur0o	fr		unité de mesure
mezurunuo	unu.mezur0o	en		unit of measurement
mezurunuo	unu.mezur0o.SCI	fr		unité de mesure
mezurunuo	unu.mezur0o.SCI	en		unit of measurement
monunuo	unu.mon0o	fr		unité monétaire
monunuo	unu.mon0o	en		monetary unit
monunuo	unu.mon0o	en		currency unit
monunuo	unu.mon0o.EKON	fr		unité monétaire
monunuo	unu.mon0o.EKON	en		monetary unit
monunuo	unu.mon0o.EKON	en		currency unit
mona subunuo	unu.monasub0o	fr		sous-unité monétaire
mona subunuo	unu.monasub0o	en		monetary subunit
mona subunuo	unu.monasub0o	en		currency subunit
mona subunuo	unu.monasub0o.EKON	fr		sous-unité monétaire
mona subunuo	unu.monasub0o.EKON	en		monetary subunit
mona subunuo	unu.monasub0o.EKON	en		currency subunit
pli ol unu	unu.pliol0	fr		plus d'un
pli ol unu	unu.pliol0.pluraj	fr		plus d'un
subunuo	unu.sub0o	fr	sous-multiple (d'unité de mesure)	sous-multiple
subunuo	unu.sub0o.SCI	fr	sous-multiple (d'unité de mesure)	sous-multiple
superunuo	unu.super0o	fr	multiple (d'unité de mesure)	multiple
superunuo	unu.super0o.SCI	fr	multiple (d'unité de mesure)	multiple
unucikli	unucikl.0i	NULL	NULL	NULL
unucikli	unucikl.0i.CIK	NULL	NULL	NULL
unuciklisto	unucikl.0isto	NULL	NULL	NULL
unuciklisto	unucikl.0isto.CIK	NULL	NULL	NULL
unuciklo	unucikl.0o	fr		monocycle
unuciklo	unucikl.0o	en		unicycle
unuciklo	unucikl.0o.CIK	fr		monocycle
unuciklo	unucikl.0o.CIK	en		unicycle
unuto	unut.0o	fr		unisson
unuto	unut.0o	en		unison
unuto	unut.0o	de		Unisono
unuto	unut.0o.de_toniko	fr		unisson
unuto	unut.0o.de_toniko	en		unison
unuto	unut.0o.de_toniko	de		Unisono
unuto	unut.0o.intervalo	fr		unisson
unuto	unut.0o.intervalo	en		unison
unuto	unut.0o.intervalo	de		Unisono
upaniŝado	upanisxad.0o	fr		upanishad
upaniŝado	upanisxad.0o	en		upanishad
upaniŝado	upanisxad.0o.HIN	fr		upanishad
upaniŝado	upanisxad.0o.HIN	en		upanishad
upasako	upasak.0o	fr		upasaka
upasako	upasak.0o	fr		laïc bouddhiste
upasako	upasak.0o	en	Upasika (feminine/ina)	Upasika
upasako	upasak.0o	en	Upasaka (masculine/vira)	Upasaka
upasako	upasak.0o.BUD	fr		upasaka
upasako	upasak.0o.BUD	fr		laïc bouddhiste
upasako	upasak.0o.BUD	en	Upasika (feminine/ina)	Upasika
upasako	upasak.0o.BUD	en	Upasaka (masculine/vira)	Upasaka
ups	ups.0	fr		zut
ups	ups.0	fr		oups
ups	ups.0	de		ups
ups	ups.0	en		oops
ups	ups.0	de		hoppla
ups	ups.0.KOMUNE	fr		zut
ups	ups.0.KOMUNE	fr		oups
ups	ups.0.KOMUNE	de		ups
ups	ups.0.KOMUNE	en		oops
ups	ups.0.KOMUNE	de		hoppla
Upsalo	upsal.0o	fr		Uppsala
Upsalo	upsal.0o	en		Uppsala
Upsalo	upsal.0o	de		Uppsala
upsilono	upsilon.0o	fr		upsilon
upsilono	upsilon.0o	en		upsilon
upsilono	upsilon.0o.LIN	fr		upsilon
upsilono	upsilon.0o.LIN	en		upsilon
upupo	upup.0o	NULL	NULL	NULL
upupo	upup.0o.birdo	en		hoopoe
upupo	upup.0o.birdo	de		Wiedehopf
uro	ur.0o	fr		aurochs
uro	ur.0o	en		aurochs
uro	ur.0o	de		Auerochse
uro	ur.0o	de		Ur
uracilo	uracil.0o	de		Uracil
uragana	uragan.0a	de		orkanartig
uragana	uragan.0a.KOMUNE	de		orkanartig
uragana	uragan.0a.KOMUNE	de		furios
uragana	uragan.0a.KOMUNE	de		stürmisch
uragana	uragan.0a.rilata	de		orkanartig
uragani	uragan.0i	de		stürmen
uragani	uragan.0i	de		toben
uragani	uragan.0i.KOMUNE	de		stürmen
uragani	uragan.0i.KOMUNE	de		toben
uragano	uragan.0o	en		hurricane
uragano	uragan.0o	de		Orkan
uragano	uragan.0o	fr		ouragan
uragano	uragan.0o.FIG	de		Orkan
uragano	uragan.0o.FIG	fr		ouragan
uragano	uragan.0o.FIG	en		hurricane
uragano	uragan.0o.MET	en		hurricane
uragano	uragan.0o.MET	de		Orkan
uragano	uragan.0o.MET	fr		ouragan
urala	ural.0a	fr		ouralien
urala	ural.0a.GEOG	fr		ouralien
urala-altaja lingvofamilio	ural.0aaltajalingvofamilio	fr		langues ouralo-altaïques
urala-altaja lingvofamilio	ural.0aaltajalingvofamilio	en		Turanian language group
urala-altaja lingvofamilio	ural.0aaltajalingvofamilio	en		Ural-Altaic group
urala lingvo	ural.0alingvo	fr		langue ouralienne
uralano	ural.0ano	fr		ouralien
Uralo	ural.U0o	de		Ural
Uralo	ural.U0o.montaro	de		Ural
Uralo	ural.U0o.montaro	fr		Oural
Uralo	ural.U0o.montaro	en		Ural Mountains
Uralo	ural.U0o.montaro	en		Urals
Uralo	ural.U0o.rivero	de		Ural
Uralo	ural.U0o.rivero	fr		Oural
Uralo	ural.U0o.rivero	en		Ural River
Uralo	ural.U0o.rivero	en		Ural
Urano	uran.0o	en		Uranus
Urano	uran.0o	fr		Uranus
Urano	uran.0o.MIT	en		Uranus
Urano	uran.0o.MIT	de		Uranos
Urano	uran.0o.MIT	fr		Uranus
uranio	urani.0o	fr		uranium
uranio	urani.0o	en		uranium
uranio	urani.0o	de		Uran
transurania	urani.trans0a	en		transuranic
transuranio	urani.trans0o	fr		transuranien
transuranio	urani.trans0o	en	transuranic (element)	transuranic
transuranio	urani.trans0o	de		Transuran
urbego	urb.0ego	fr		mégalopole
urbego	urb.0ego	en		megalopolis
urbego	urb.0ego	de		Großstadt
urbego	urb.0ego.ARKI	fr		mégalopole
urbego	urb.0ego.ARKI	en		megalopolis
urbego	urb.0ego.ARKI	de		Großstadt
urbestro	urb.0estro	fr		maire
urbestro	urb.0estro	de		Bürgermeister
urbestro	urb.0estro.POL	fr		maire
urbestro	urb.0estro.POL	de		Bürgermeister
urbeto	urb.0eto	fr		petite ville
urbeto	urb.0eto	fr		bourg
urbeto	urb.0eto	de		Kleinstadt
urbeto	urb.0eto	de		Städtchen
urbeto	urb.0eto.ARKI	fr		petite ville
urbeto	urb.0eto.ARKI	fr		bourg
urbeto	urb.0eto.ARKI	de		Kleinstadt
urbeto	urb.0eto.ARKI	de		Städtchen
Ho-Ĉi-Min-Urbo	urb.Ho_Cxi_Min_0o	fr		Hô-Chi-Minh-Ville
Ho-Ĉi-Min-Urbo	urb.Ho_Cxi_Min_0o	en		Ho Chi Minh City
Ho-Ĉi-Min-Urbo	urb.Ho_Cxi_Min_0o	de		Ho-Chi-Minh-Stadt
Kaburbo	urb.Kab0o	fr		Le Cap
Kaburbo	urb.Kab0o	en		Cape Town
Kaburbo	urb.Kab0o	de		Kapstadt
Liberurbo	urb.Liber0o	de		Libreville
Urbano	urb.U0ano	fr	Urbain (prénom)	Urbain
Urbano	urb.U0ano	de		Urban
Urbano	urb.U0ano.NOM	fr	Urbain (prénom)	Urbain
Urbano	urb.U0ano.NOM	de		Urban
antaŭurbo	urb.antaux0o	fr		banlieue
antaŭurbo	urb.antaux0o	en		suburb
antaŭurbo	urb.antaux0o	de		Vorstadt
antaŭurbo	urb.antaux0o	fr	périphérie (d'une ville)	périphérie
antaŭurbo	urb.antaux0o	fr		faubourg
antaŭurbo	urb.antaux0o.ARKI	fr		banlieue
antaŭurbo	urb.antaux0o.ARKI	en		suburb
antaŭurbo	urb.antaux0o.ARKI	de		Vorstadt
antaŭurbo	urb.antaux0o.ARKI	fr	périphérie (d'une ville)	périphérie
antaŭurbo	urb.antaux0o.ARKI	fr		faubourg
ĉefurbo	urb.cxef0o	fr	capitale (ville)	capitale
ĉefurbo	urb.cxef0o	en		capital (city)
ĉefurbo	urb.cxef0o	de		Hauptstadt
ĉefurbo	urb.cxef0o.FIG	fr	capitale (ville)	capitale
ĉefurbo	urb.cxef0o.FIG	en		capital (city)
ĉefurbo	urb.cxef0o.FIG	de		Hauptstadt
ĉefurbo	urb.cxef0o.POL	fr	capitale (ville)	capitale
ĉefurbo	urb.cxef0o.POL	en		capital (city)
ĉefurbo	urb.cxef0o.POL	de		Hauptstadt
ĉirkaŭurbo	urb.cxirkaux0o	fr		ville de banlieue
ĉirkaŭurbo	urb.cxirkaux0o.ARKI	fr		ville de banlieue
havenurbo	urb.haven0o	de		Hafenstadt
kongresurbo	urb.kongres0o	fr		ville de congrès
kongresurbo	urb.kongres0o.KOMUNE	fr		ville de congrès
ladurbo	urb.lad0o	fr		bidonville
ladurbo	urb.lad0o	en		slum
ladurbo	urb.lad0o	de		Slum
ladurbo	urb.lad0o.ARKI	fr		bidonville
ladurbo	urb.lad0o.ARKI	en		slum
ladurbo	urb.lad0o.ARKI	de		Slum
milionurbo	urb.milion0o	de		Millionenstadt
milionurbo	urb.milion0o.ARKI	de		Millionenstadt
naskiĝurbo	urb.naskigx0o	fr		ville natale
naskiĝurbo	urb.naskigx0o	de		Geburtsort
naskiĝurbo	urb.naskigx0o.KOMUNE	fr		ville natale
naskiĝurbo	urb.naskigx0o.KOMUNE	de		Geburtsort
urbanizi	urbaniz.0i	fr		urbaniser
urbanizi	urbaniz.0i.POL	fr		urbaniser
Urduo	urd.0o	NULL	NULL	NULL
Urduo	urd.0o.lingvo	fr		ourdou
Urduo	urd.0o.lingvo	en		Urdu
Urduo	urd.0o.lingvo	de		Urdu
uretero	ureter.0o	fr		uretère
uretero	ureter.0o	en		ureter
uretero	ureter.0o	de		Ureter
uretero	ureter.0o	de		Harnleiter
uretro	uretr.0o	fr		urèthre
uretro	uretr.0o	fr		urètre
uretro	uretr.0o	en		urethra
uretro	uretr.0o	de		Urethra
uretro	uretr.0o	de		Harnröhre
ureuso	ureus.0o	fr		uræus
ureuso	ureus.0o	de	Uräusschlange (Symbol)	Uräusschlange
ureuso	ureus.0o.EGI	fr		uræus
ureuso	ureus.0o.EGI	de	Uräusschlange (Symbol)	Uräusschlange
urĝa	urgx.0a	en		urgent
urĝa	urgx.0a	de		unaufschiebbar
urĝa	urgx.0a	de		eilig
urĝa	urgx.0a	de		dringend
urĝa	urgx.0a	fr		urgent
urĝi	urgx.0i	fr		urger
urĝi	urgx.0i	en		urge
urĝi	urgx.0i	de		drängen
urĝi	urgx.0i	de	eilig sein	eilig
urĝi	urgx.0i.akceli	fr		urger
urĝi	urgx.0i.akceli	en		urge
urĝi	urgx.0i.akceli	de		drängen
urĝi	urgx.0i.akceli	de	eilig sein	eilig
urĝi	urgx.0i.akceli	de	zur Eile mahnen	Eile
urĝi	urgx.0i.akceli	de		antreiben
urĝigi	urgx.0igi	fr		rendre urgent
urĝigi	urgx.0igi.igi_urgxa	fr		rendre urgent
urĝigi	urgx.0igi.igi_urgxa	de		beschleunigen
urĝo	urgx.0o	de		Zeitdruck
urĝo	urgx.0o	de		Eile
mergulo	uri.0o	fr		Uria
urio	uri.0o	fr		Uria
mergulo	uri.0o	en		Uria
urio	uri.0o	en		Uria
mergulo	uri.0o	de		Lumme
urio	uri.0o	de		Lumme
urinado	urin.0ado	fr		diurèse
urinado	urin.0ado	en		urination
urinado	urin.0ado	de		Urinieren
urinado	urin.0ado	fr		miction
urinado	urin.0ado.FIZL	en		urination
urinado	urin.0ado.FIZL	de		Urinieren
urinado	urin.0ado.FIZL	fr		miction
urinado	urin.0ado.FIZL	fr		diurèse
urini	urin.0i	fr		uriner
urini	urin.0i	fr	faire pipi	pipi
urini	urin.0i	de		Wasser lassen
urini	urin.0i	en		urinate
urini	urin.0i	de		urinieren
urini	urin.0i	de		pinkeln
urini	urin.0i.FIZL	fr		uriner
urini	urin.0i.FIZL	fr	faire pipi	pipi
urini	urin.0i.FIZL	de		Wasser lassen
urini	urin.0i.FIZL	en		urinate
urini	urin.0i.FIZL	de		urinieren
urini	urin.0i.FIZL	de		pinkeln
urino	urin.0o	fr		urine
urino	urin.0o	en		urine
urino	urin.0o	de		Harn
urino	urin.0o	de		Urin
urino	urin.0o.FIZL	fr		urine
urino	urin.0o.FIZL	en		urine
urino	urin.0o.FIZL	de		Harn
urino	urin.0o.FIZL	de		Urin
urno	urn.0o	fr		urne
urno	urn.0o	en		urn
urno	urn.0o	de		Urne
urno	urn.0o.VAZ	fr		urne
urno	urn.0o.VAZ	en		urn
urno	urn.0o.VAZ	de		Urne
urno	urn.0o.balotilo	fr		urne
urno	urn.0o.balotilo	en		urn
urno	urn.0o.balotilo	de		Urne
urodeloj	urodel.0oj	fr		urodèles
urodeloj	urodel.0oj	en		salamanders
urodeloj	urodel.0oj	de		Schwanzlurche
urogalo	urogal.0o	fr		grand coq de bruyère
urogalo	urogal.0o	en		capercaillie
urogalo	urogal.0o	de		Auerhahn
urogalo	urogal.0o	de		Auerhuhn
urogalo	urogal.0o.ZOO	fr		grand coq de bruyère
urogalo	urogal.0o.ZOO	en		capercaillie
urogalo	urogal.0o.ZOO	de		Auerhahn
urogalo	urogal.0o.ZOO	de		Auerhuhn
Granda Ursino	urs.GrandaU0ino	en		Great Bear
Granda Ursino	urs.GrandaU0ino	fr		Grande Ourse
Granda Ursino	urs.GrandaU0ino	en		Greater Bear
Granda Ursino	urs.GrandaU0ino	fr		Grand charriot
Granda Ursino	urs.GrandaU0ino	de		Großer Wagen
Granda Ursino	urs.GrandaU0ino	de		Großer Bär
Granda Ursino	urs.GrandaU0ino.AST	fr		Grande Ourse
Granda Ursino	urs.GrandaU0ino.AST	en		Greater Bear
Granda Ursino	urs.GrandaU0ino.AST	fr		Grand charriot
Granda Ursino	urs.GrandaU0ino.AST	de		Großer Wagen
Granda Ursino	urs.GrandaU0ino.AST	en		Great Bear
Granda Ursino	urs.GrandaU0ino.AST	de		Großer Bär
Malgranda Ursino	urs.MalgrandaU0ino	NULL	NULL	NULL
Malgranda Ursino	urs.MalgrandaU0ino.AST	fr		Petite Ourse
Malgranda Ursino	urs.MalgrandaU0ino.AST	fr		Petit chariot
Malgranda Ursino	urs.MalgrandaU0ino.AST	en		Ursa Minor
Malgranda Ursino	urs.MalgrandaU0ino.AST	en		Little Dipper
Malgranda Ursino	urs.MalgrandaU0ino.AST	en		Little Bear
Malgranda Ursino	urs.MalgrandaU0ino.AST	de	Kleiner Wagen (Sternbild)	Kleiner Wagen
Malgranda Ursino	urs.MalgrandaU0ino.AST	de	Kleiner Bär (Sternbild)	Kleiner Bär
blanka urso	urs.blanka0o	fr		ours polaire
blanka urso	urs.blanka0o	fr		ours blanc
blanka urso	urs.blanka0o	en		polar bear
blanka urso	urs.blanka0o	de		Eisbär
blanka urso	urs.blanka0o.ZOO	fr		ours polaire
blanka urso	urs.blanka0o.ZOO	fr		ours blanc
blanka urso	urs.blanka0o.ZOO	en		polar bear
blanka urso	urs.blanka0o.ZOO	de		Eisbär
lavurso	urs.lav0o	de		Waschbär
lavurseto	urs.lav0o	fr		raton laveur
lavurso	urs.lav0o	fr		raton laveur
lavurseto	urs.lav0o	en		raccoon
lavurso	urs.lav0o	en		raccoon
lavurseto	urs.lav0o	de		Waschbär
lavurseto	urs.lav0o.ZOO	fr		raton laveur
lavurso	urs.lav0o.ZOO	fr		raton laveur
lavurseto	urs.lav0o.ZOO	en		raccoon
lavurso	urs.lav0o.ZOO	en		raccoon
lavurseto	urs.lav0o.ZOO	de		Waschbär
lavurso	urs.lav0o.ZOO	de		Waschbär
ursedoj	ursed.0oj	fr		ursidés
ursedoj	ursed.0oj	de	Bären (Familie)	Bären
urtiko	urtik.0o	fr		ortie
urtiko	urtik.0o	en		nettle
urtiko	urtik.0o	de		Brennnessel
urtikacoj	urtika.0oj	fr		urticacées
urtikacoj	urtika.0oj	de		Brennnesselgewächse
urugvaja	urugvaj.0a	fr	uruguayenne (adj.)	uruguayenne
urugvaja	urugvaj.0a	fr		uruguayen
urugvaja	urugvaj.0a	en	Uruguayan (adj.)	Uruguayan
urugvaja	urugvaj.0a	de		uruguayisch
urugvaja	urugvaj.0a.rilata	fr	uruguayenne (adj.)	uruguayenne
urugvaja	urugvaj.0a.rilata	fr		uruguayen
urugvaja	urugvaj.0a.rilata	en	Uruguayan (adj.)	Uruguayan
urugvaja	urugvaj.0a.rilata	de		uruguayisch
urugvajano	urugvaj.0ano	fr	Uruguayenne (subst.)	Uruguayenne
urugvajano	urugvaj.0ano	fr		Uruguayen
urugvajano	urugvaj.0ano	en	Uruguayan (person)	Uruguayan
urugvajano	urugvaj.0ano	de		Uruguayerin
urugvajano	urugvaj.0ano	de		Uruguayer
urugvajano	urugvaj.0ano.civitano	fr	Uruguayenne (subst.)	Uruguayenne
urugvajano	urugvaj.0ano.civitano	fr		Uruguayen
urugvajano	urugvaj.0ano.civitano	en	Uruguayan (person)	Uruguayan
urugvajano	urugvaj.0ano.civitano	de		Uruguayerin
urugvajano	urugvaj.0ano.civitano	de		Uruguayer
Urugvajrivero	urugvaj.0rivero	NULL	NULL	NULL
Urugvajrivero	urugvaj.0rivero.GEOG	NULL	NULL	NULL
Urugvajo	urugvaj.U0o	fr		Uruguay
Urugvajo	urugvaj.U0o	en		Uruguay
Urugvajo	urugvaj.U0o	de		Uruguay
Urugvajo	urugvaj.U0o.GEOG	fr		Uruguay
Urugvajo	urugvaj.U0o.GEOG	en		Uruguay
Urugvajo	urugvaj.U0o.GEOG	de		Uruguay
-us	us.0	NULL	NULL	NULL
-us	us.0.SNC	NULL	NULL	NULL
uskleco	uskl.0o	fr	casse (d'un caractère)	casse
usklo	uskl.0o	fr	casse (d'un caractère)	casse
uskleco	uskl.0o	en	case (of a letter, word)	case
usklo	uskl.0o	en	case (of a letter, word)	case
uskleco	uskl.0o	de		Groß-/Kleinschrift
usklo	uskl.0o	de		Groß-/Kleinschrift
nomuskla	uskl.nom0a	en		title case
senuskla unuuskla	uskl.sen0a	en		unicase
senuskla unuuskla	uskl.sen0a	en		unicameral
usona	uson.0a	fr	américain (étasunien)	américain
usona	uson.0a	en		American
usona	uson.0a	en		US
usona	uson.0a	de		US-amerikanisch
usona	uson.0a.GOEG	fr	américain (étasunien)	américain
usona	uson.0a.GOEG	en		American
usona	uson.0a.GOEG	en		US
usona	uson.0a.GOEG	de		US-amerikanisch
ustilago	ustilag.0o	de		Getreidebrand
ustilago	ustilag.0o	de		Brandpilz
ustilago	ustilag.0o	fr	charbon (maladie végétale)	charbon
ustilago	ustilag.0o.BOT	de		Brandpilz
ustilago	ustilag.0o.BOT	fr	charbon (maladie végétale)	charbon
ustilago	ustilag.0o.BOT	de		Getreidebrand
uŝuisto	usxu.0isto	fr		kungfuiste
uŝuisto	usxu.0isto.SPO	fr		kungfuiste
Utaho	utah.0o	fr		Utah
Utaho	utah.0o	en		Utah
Utaho	utah.0o.GEOG	fr		Utah
Utaho	utah.0o.GEOG	en		Utah
Utarakando	utarakand.0o	fr		Uttarakhand
Utarakando	utarakand.0o.GEOG	fr		Uttarakhand
Utarpradeŝo	utarpradesx.0o	fr		Uttar Pradesh
Utarpradeŝo	utarpradesx.0o	en		Uttar Pradesh
Utarpradeŝo	utarpradesx.0o.GEOG	fr		Uttar Pradesh
Utarpradeŝo	utarpradesx.0o.GEOG	en		Uttar Pradesh
uteno	uten.0o	fr		outen
uteno	uten.0o	de		Uten
uteno	uten.0o.EKON	fr		outen
uteno	uten.0o.EKON	de		Uten
utera	uter.0a	fr		utérin
utera	uter.0a	en		uterine
utera	uter.0a.ANA	fr		utérin
utera	uter.0a.ANA	en		uterine
uterkola	uter.0kola	fr		cervical
uterkola	uter.0kola	en		cervical
uterkola	uter.0kola.ANA	fr		cervical
uterkola	uter.0kola.ANA	en		cervical
uterkolo	uter.0kolo	fr		col de l'utérus
uterkolo	uter.0kolo	en		cervix
uterkolo	uter.0kolo	de		Zervix
uterkolo	uter.0kolo	de		Cervix
uterkolo	uter.0kolo	de		Cervix uteri
uterkolo	uter.0kolo.ANA	fr		col de l'utérus
uterkolo	uter.0kolo.ANA	en		cervix
uterkolo	uter.0kolo.ANA	de		Zervix
uterkolo	uter.0kolo.ANA	de		Cervix
uterkolo	uter.0kolo.ANA	de		Cervix uteri
utero	uter.0o	en		uterus
utero	uter.0o	de		Uterus
utero	uter.0o	de		Gebärmutter
utero	uter.0o	fr		uterus
utero	uter.0o	en		womb
utero	uter.0o.ANA	en		uterus
utero	uter.0o.ANA	de		Uterus
utero	uter.0o.ANA	de		Gebärmutter
utero	uter.0o.ANA	fr		uterus
utero	uter.0o.ANA	en		womb
eksterutera	uter.ekster0a	NULL	NULL	NULL
eksterutera	uter.ekster0a.ANA	NULL	NULL	NULL
utila	util.0a	fr		utile
utila	util.0a	en		handy
utila	util.0a	en		useful
utila	util.0a	de		brauchbar
utila	util.0a	de		nützlich
utileco	util.0eco	en		usefulness
utileco	util.0eco	en		handiness
utili	util.0i	en	benefit (be of use)	benefit
utili	util.0i	en		avail
utili	util.0i	en		be of use
utili	util.0i	en		be useful
utili	util.0i	de		nützlich sein
utiligi	util.0igi	fr		utiliser
utiligi	util.0igi	en		put to use
utiligi	util.0igi	en	utilize (nordamerike)	utilize
utiligi	util.0igi	en	utilise (brite)	utilise
utiligi	util.0igi	en		make use of
utiligi	util.0igi	de		nutzen
utiligi	util.0igi.apliki	fr		utiliser
utiligi	util.0igi.apliki	en		put to use
utiligi	util.0igi.apliki	en	utilize (nordamerike)	utilize
utiligi	util.0igi.apliki	en	utilise (brite)	utilise
utiligi	util.0igi.apliki	en		make use of
utiligi	util.0igi.apliki	de		nutzen
utiligi	util.0igi.recikligi	fr		utiliser
utiligi	util.0igi.recikligi	en		put to use
utiligi	util.0igi.recikligi	en	utilize (nordamerike)	utilize
utiligi	util.0igi.recikligi	en	utilise (brite)	utilise
utiligi	util.0igi.recikligi	en		make use of
utiligi	util.0igi.recikligi	de		nutzen
utilismo	util.0ismo	en		utilitarianism
utilismo	util.0ismo	de		Utilitarismus
utilo	util.0o	fr		utilité
utilo	util.0o	en		use
utilo	util.0o	en		benefit
utilo	util.0o	en		advantage
utilo	util.0o	de		Nutzen
malutila	util.mal0a	fr		nuisible
malutila	util.mal0a	en		disadvantageous
malutila	util.mal0a	en		harmful
malutila	util.mal0a	de		abträglich
malutila	util.mal0a	de		nachteilig
malutili	util.mal0i	fr		nuire
malutili	util.mal0i	de		nachteilig sein
malutilo	util.mal0o	fr		nuisance
malutilo	util.mal0o	en		detriment
malutilo	util.mal0o	en		disadvantage
senutila	util.ne0asen0a	fr		inutile
neutila	util.ne0asen0a	fr		inutile
senutila	util.ne0asen0a	en		useless
neutila	util.ne0asen0a	en		useless
senutila	util.ne0asen0a	de		unbrauchbar
neutila	util.ne0asen0a	de		unbrauchbar
senutila	util.ne0asen0a	de		nutzlos
neutila	util.ne0asen0a	de		nutzlos
utopiismo	utopi.0ismo	fr		utopisme
utopiismo	utopi.0ismo	en		utopianism
utopiismo	utopi.0ismo.POL	fr		utopisme
utopiismo	utopi.0ismo.POL	en		utopianism
utopiulo	utopi.0isto	fr		utopiste
utopiisto	utopi.0isto	fr		utopiste
utopiulo	utopi.0isto	en		utopian
utopiisto	utopi.0isto	en		utopian
utopiulo	utopi.0isto.POL	fr		utopiste
utopiisto	utopi.0isto.POL	fr		utopiste
utopiulo	utopi.0isto.POL	en		utopian
utopiisto	utopi.0isto.POL	en		utopian
utopio	utopi.0o	fr		utopie
utopio	utopi.0o	en		utopia
utopio	utopi.0o	de		Utopie
utopio	utopi.0o.BELE	fr		utopie
utopio	utopi.0o.BELE	en		utopia
utopio	utopi.0o.BELE	de		Utopie
utopio	utopi.0o.FIG	fr		utopie
utopio	utopi.0o.FIG	en		utopia
utopio	utopi.0o.FIG	de		Utopie
kontraŭutopio	utopi.mal0o	en		dystopia
kontraŭutopio	utopi.mal0o	fr		antiutopie
malutopio	utopi.mal0o	en		dystopia
malutopio	utopi.mal0o	fr		antiutopie
malutopio	utopi.mal0o.BELE	en		dystopia
kontraŭutopio	utopi.mal0o.BELE	fr		antiutopie
malutopio	utopi.mal0o.BELE	fr		antiutopie
kontraŭutopio	utopi.mal0o.BELE	en		dystopia
Utreĥto	utrehxt.U0o	fr		Utrecht
Utreĥto	utrehxt.U0o	en		Utrecht
Utreĥto	utrehxt.U0o	de		Utrecht
uvo	uv.0o	NULL	NULL	NULL
uvo	uv.0o.KUI	fr		raisin
uvo	uv.0o.KUI	de		Weinbeere
uverturo	uvertu.0o	fr	ouverture (musicale)	ouverture
uverturo	uvertu.0o	en		overture
uverturo	uvertu.0o	de		Ouvertüre
uvula	uvul.0a	en		uvular
uvula	uvul.0a	de		uvular
uvulo	uvul.0o	fr		luette
uvulo	uvul.0o	en		uvula
uvulo	uvul.0o	de		Uvula
uvulo	uvul.0o	de		Zäpfchen
ŭo	ux.0	fr	ou (bref)	ou
uzado	uz.0ado	fr		utilisation
uzado	uz.0ado	de		Gebrauch
uzado	uz.0ado.KOMUNE	fr		utilisation
uzado	uz.0ado.KOMUNE	de		Gebrauch
uzaĵo	uz.0ajxo	de		Utensil
uzaĵo	uz.0ajxo	de		Gerätschaft
uzaĵo	uz.0ajxo	de		Arbeitsgerät
uzaĵo	uz.0ajxo	de		Gebrauchsgegenstand
uzaĵo	uz.0ajxo.KOMUNE	de		Utensil
uzaĵo	uz.0ajxo.KOMUNE	de		Gerätschaft
uzaĵo	uz.0ajxo.KOMUNE	de		Arbeitsgerät
uzaĵo	uz.0ajxo.KOMUNE	de		Gebrauchsgegenstand
uzanto	uz.0anto	en		user
uzanto	uz.0anto	de		Nutzer
uzanto	uz.0anto	de		Benutzer
uzanto	uz.0anto	de		Anwender
uzebla	uz.0ebla	fr		utilisable
uzebla	uz.0ebla	en		usable
uzebla	uz.0ebla	de		nutzbar
uzebla	uz.0ebla.aplikebla	fr		utilisable
uzebla	uz.0ebla.aplikebla	en		usable
uzebla	uz.0ebla.aplikebla	de		nutzbar
uzebla	uz.0ebla.neperfekta	en		usable
uzebla	uz.0ebla.neperfekta	fr		utilisable
uzebla	uz.0ebla.neperfekta	de		nutzbar
uzi	uz.0i	fr		utiliser
uzi	uz.0i	fr	employer (utiliser)	employer
uzi	uz.0i	en		use
uzi	uz.0i.KOMUNE	fr		utiliser
uzi	uz.0i.KOMUNE	fr	employer (utiliser)	employer
uzi	uz.0i.KOMUNE	en		use
uzi	uz.0i.KOMUNE	de		gebrauchen
uzi	uz.0i.KOMUNE	de		benutzen
uzi	uz.0i.konsumi	fr		utiliser
uzi	uz.0i.konsumi	fr	employer (utiliser)	employer
uzi	uz.0i.konsumi	en		use
uzi	uz.0i.konsumi	de		nutzen
uzi	uz.0i.konsumi	de		verbrauchen
uzinda	uz.0inda	fr		utile
uzinda	uz.0inda	en		useful
uzinda	uz.0inda	de		nützlich
uzo	uz.0o	de		Anwendung
uzo	uz.0o	de		Gebrauch
uzo	uz.0o	fr		usage
uzo	uz.0o.KOMUNE	de		Anwendung
uzo	uz.0o.KOMUNE	de		Gebrauch
uzo	uz.0o.KOMUNE	fr		usage
eluzi	uz.el0i	NULL	NULL	NULL
eluzi	uz.el0i.elcxerpi	de		ausnutzen
eluzi	uz.el0i.foruzi	fr		user
eluzi	uz.el0i.foruzi	de		abnutzen
eluzitaĵo	uz.el0itajxo	fr		vieillerie
eluzitaĵo	uz.el0itajxo.KOMUNE	fr		vieillerie
foruzi	uz.for0i	de		aufbrauchen
foruzi	uz.for0i	fr		épuiser
foruzi	uz.for0i.KOMUNE	de		aufbrauchen
foruzi	uz.for0i.KOMUNE	fr		épuiser
fruktuzo	uz.frukt0o	de		Nießbrauch
fruktuzo	uz.frukt0o	fr		usufruit
fruktuzo	uz.frukt0o.JUR	de		Nießbrauch
fruktuzo	uz.frukt0o.JUR	fr		usufruit
fuŝuzi	uz.fusx0i	fr		mal employer
fuŝuzi	uz.fusx0i	fr		déglinguer
fuŝuzi	uz.fusx0i.KOMUNE	fr		mal employer
fuŝuzi	uz.fusx0i.KOMUNE	fr		déglinguer
kunuzi	uz.kun0i	fr	partager (utiliser en commun)	partager
kunuzi	uz.kun0i.KOMUNE	fr	partager (utiliser en commun)	partager
malbonuzi	uz.mis0i	fr	abuser (de)	abuser
misuzi	uz.mis0i	fr	abuser (de)	abuser
malbonuzi	uz.mis0i	en		misuse
misuzi	uz.mis0i	en		misuse
malbonuzi	uz.mis0i	de		missbrauchen
misuzi	uz.mis0i	de		missbrauchen
malbonuzi	uz.mis0i.KOMUNE	fr	abuser (de)	abuser
misuzi	uz.mis0i.KOMUNE	fr	abuser (de)	abuser
malbonuzi	uz.mis0i.KOMUNE	en		misuse
misuzi	uz.mis0i.KOMUNE	en		misuse
malbonuzi	uz.mis0i.KOMUNE	de		missbrauchen
misuzi	uz.mis0i.KOMUNE	de		missbrauchen
trouzi	uz.tro0i	fr	abuser (de)	abuser
trouzi	uz.tro0i	de		verschwenden
trouzi	uz.tro0i	de	zu sehr ausnutzen	ausnutzen
trouzi	uz.tro0i.KOMUNE	fr	abuser (de)	abuser
trouzi	uz.tro0i.KOMUNE	de		verschwenden
trouzi	uz.tro0i.KOMUNE	de	zu sehr ausnutzen	ausnutzen
unuuza	uz.unu0a	fr		jetable
unuuza	uz.unu0a	fr		à usage unique
unuuza	uz.unu0a.KOMUNE	fr		jetable
unuuza	uz.unu0a.KOMUNE	fr		à usage unique
uzanco	uzanc.0o	fr	usages (coutumes)	usages
uzanco	uzanc.0o	fr	us (coutumes)	us
uzanco	uzanc.0o	en		custom
uzanco	uzanc.0o	de		Usus
uzanco	uzanc.0o	de		Gewohnheit
uzanco	uzanc.0o	de	Gebrauch (Tradition)	Gebrauch
uzanco	uzanc.0o	de		Brauch
uzanco	uzanc.0o.MOR	fr	usages (coutumes)	usages
uzanco	uzanc.0o.MOR	fr	us (coutumes)	us
uzanco	uzanc.0o.MOR	en		custom
uzanco	uzanc.0o.MOR	de		Usus
uzanco	uzanc.0o.MOR	de		Gewohnheit
uzanco	uzanc.0o.MOR	de	Gebrauch (Tradition)	Gebrauch
uzanco	uzanc.0o.MOR	de		Brauch
uzbeka	uzbek.0a	fr	ouzbek (adj.)	ouzbek
uzbeko	uzbek.0o	fr	Ouzbek (subst.)	Ouzbek
uzbeko	uzbek.0o	en		Uzbek
uzbeko	uzbek.0o	de		Usbeke
Uzbeko	uzbek.U0o	de		Usbek
Uzbekujo	uzbek.U0ujo	fr		Ouzbékistan
Uzbekujo	uzbek.U0ujo	en		Uzbekistan
Uzbekujo	uzbek.U0ujo	de		Usbekistan
Uzbekio	uzbek1.0o	NULL	NULL	NULL
uzino	uzin.0o	fr		usine métallurgique
uzino	uzin.0o	fr		fonderie
uzino	uzin.0o	de	Fabrik (Metallurgie...)	Fabrik
uzino	uzin.0o	de		Produktionsstätte
uzino	uzin.0o	de	Werk (Industrie)	Werk
uzino	uzin.0o.EKON	fr		usine métallurgique
uzino	uzin.0o.EKON	fr		fonderie
uzino	uzin.0o.EKON	de	Fabrik (Metallurgie...)	Fabrik
uzino	uzin.0o.EKON	de		Produktionsstätte
uzino	uzin.0o.EKON	de	Werk (Industrie)	Werk
uzukapi	uzukap.0i	en		usucapt
uzukapi	uzukap.0i	de		ersitzen
uzukapo	uzukap.0o	de		Usukapion
uzukapo	uzukap.0o	fr		usucapion
uzukapo	uzukap.0o	en	usucapion (Roman law)	usucapion
uzukapo	uzukap.0o	en		usucaption
uzukapo	uzukap.0o	de		Ersitzung
uzuro	uzur.0o	fr	usure (finances)	usure
uzuro	uzur.0o	en		usury
uzuro	uzur.0o	de		Wucher
uzurpi	uzurp.0i	fr		usurper
uzurpi	uzurp.0i	en		usurp
uzurpi	uzurp.0i	de		usurpieren
uzurpi	uzurp.0i	de		an sich reißen
uzurpi	uzurp.0i	de		erobern
uzurpi	uzurp.0i	de		besetzen
uzurpi	uzurp.0i.JUR	fr		usurper
uzurpi	uzurp.0i.JUR	en		usurp
uzurpi	uzurp.0i.JUR	de		usurpieren
uzurpi	uzurp.0i.JUR	de		an sich reißen
uzurpi	uzurp.0i.JUR	de		erobern
uzurpi	uzurp.0i.JUR	de		besetzen
uzurpulo	uzurp.0ulo	en		usurper
uzurpanto	uzurp.0ulo	de		Usurpator
uzurpulo	uzurp.0ulo	de		Usurpator
uzurpanto	uzurp.0ulo	de		Eroberer
uzurpulo	uzurp.0ulo	de		Eroberer
uzurpanto	uzurp.0ulo	de		Besetzer
uzurpulo	uzurp.0ulo	de		Besetzer
uzurpanto	uzurp.0ulo	fr		usurpateur
uzurpulo	uzurp.0ulo	fr		usurpateur
uzurpanto	uzurp.0ulo	en		usurper
uzurpanto	uzurp.0ulo.JUR	de		Usurpator
uzurpulo	uzurp.0ulo.JUR	de		Usurpator
uzurpanto	uzurp.0ulo.JUR	de		Eroberer
uzurpulo	uzurp.0ulo.JUR	de		Eroberer
uzurpanto	uzurp.0ulo.JUR	de		Besetzer
uzurpulo	uzurp.0ulo.JUR	de		Besetzer
uzurpanto	uzurp.0ulo.JUR	fr		usurpateur
uzurpulo	uzurp.0ulo.JUR	fr		usurpateur
uzurpanto	uzurp.0ulo.JUR	en		usurper
uzurpulo	uzurp.0ulo.JUR	en		usurper
uzurpatoro	uzurpator.0o	de		Thronräuber
uzurpatoro	uzurpator.0o	de		Usurpator
uzurpatoro	uzurpator.0o.uzurpulo	de		Thronräuber
uzurpatoro	uzurpator.0o.uzurpulo	de		Usurpator
