-o;o.0;头[tou],頭[tou]
oazo;oaz.0o;綠洲[lù: zhōu],绿洲[lù: zhōu]
oazo;oaz.0o;沙漠中的綠洲[shā mò zhòng dì lǜ zhōu],沙漠中的绿洲[shā mò zhòng dì lǜ zhōu]
impostoazo;oaz.impost0o;逃稅天堂[táo shuì tiān táng],逃税天堂[táo shuì tiān táng]
obeado;obe.0ado;順從[shùn cóng],顺从[shùn cóng]
obeado;obe.0ado;屈服[qū fú]
obee al;obe.0eal;合格[hé gé]
obee al;obe.0eal;依[yī]
obee al;obe.0eal;依着[yī zhe],依著[yī zhe]
obeema;obe.0ema;听话[tīng huà],聽話[tīng huà]
obeema;obe.0ema;順從[shùn cóng],顺从[shùn cóng]
obeema;obe.0ema;叒[ruò]
obeema;obe.0ema;服服帖帖[fú fu tiē tiē]
obeema;obe.0ema;可順從[kě shùn cóng],可顺从[kě shùn cóng]
obeema;obe.0ema;容易变化[róng yì biàn huà],容易變化[róng yì biàn huà]
obeema;obe.0ema;易于管理[yì yú guǎn lǐ],易於管理[yì yú guǎn lǐ]
obeema;obe.0ema;温驯[wēn xùn],溫馴[wēn xùn]
obeema;obe.0ema;馴服的[xún fú de],驯服的[xún fú de]
obei;obe.0i;用命[yòng mìng]
obei;obe.0i;帖[tiē]
obei;obe.0i;听话[tīng huà],聽話[tīng huà]
obei;obe.0i;听从[tīng cóng],聽從[tīng cóng]
obei;obe.0i;遵守[zūn shǒu]
obei;obe.0i;服从[fú cóng],服從[fú cóng]
obei;obe.0i;遵从[zūn cóng],遵從[zūn cóng]
obeigi;obe.0igi;伏[fú]
malobeema;obe.mal0ema;不听话[bù tīng huà],不聽話[bù tīng huà]
malobeema;obe.mal0ema;不服气[bù fú qì],不服氣[bù fú qì]
malobeema;obe.mal0ema;乖迕[guāi wǔ]
malobeema;obe.mal0ema;刚愎[gāng bì],剛愎[gāng bì]
malobeema;obe.mal0ema;刚愎自用[gāng bì zì yòng],剛愎自用[gāng bì zì yòng]
malobeema;obe.mal0ema;坚持已见[jiān chí yǐ jiàn],堅持已見[jiān chí yǐ jiàn]
malobeema;obe.mal0ema;忤[wǔ]
malobeema;obe.mal0ema;拗[niù]
malobeema;obe.mal0ema;有主見[yǒu zhǔ jiàn],有主见[yǒu zhǔ jiàn]
malobeema;obe.mal0ema;违命[wéi mìng],違命[wéi mìng]
malobeema;obe.mal0ema;难控制[nán kòng zhì],難控制[nán kòng zhì]
malobei;obe.mal0i;不顧反對[bù gù fǎn duì],不顾反对[bù gù fǎn duì]
malobei;obe.mal0i;冒犯[mào fàn]
malobei;obe.mal0i;拒絕[jù jué],拒绝[jù jué]
malobei;obe.mal0i;违令[wéi lìng],違令[wéi lìng]
malobei;obe.mal0i;反抗[fǎn kàng]
malobei;obe.mal0i;抗拒[kàng jù]
malobei;obe.mal0i;攘[rǎng]
obelisko;obelis.0o;方尖塔[fāng jiān tǎ]
obelisko;obelis.0o;方尖柱[fāng jiān zhù]
obelisko;obelis.0o;方尖石塔[fāng jiān shí tǎ]
obelisko;obelis.0o;疑問記號[yí wèn jì hao],疑问记号[yí wèn jì hao]
obelisko;obelis.0o;短剑号[duǎn jiàn hào],短劍號[duǎn jiàn hào]
obelisko;obelis.0o;方尖碑[fāng jiān bēi]
obeza;obez.0a;肥胖[féi pàng]
obeza;obez.0a;便便[pián pián]
obeza;obez.0a;臃肿[yōng zhǒng],臃腫[yōng zhǒng]
obezeco;obez.0o;肥胖[féi pàng]
objekta;objekt.0a.perceptebla;与事实有关[yǔ shì shí yǒu guān],與事實有關[yǔ shì shí yǒu guān]
objekta;objekt.0a.perceptebla;受格[shòu gé]
objekto;objekt.0o;縡[zài]
objekto;objekt.0o;嘢[yě]
objekto;objekt.0o;玩艺[wán yì],玩藝[wán yì]
objekto;objekt.0o;物件[wù jiàn]
objekto;objekt.0o.GRA;沒有偏見[méi yǒu piān jiàn],没有偏见[méi yǒu piān jiàn]
objekto;objekt.0o.GRA;目标[mù biāo],目標[mù biāo]
objekto;objekt.0o.GRA;直接宾语[zhí jiē bīn yǔ],直接賓語[zhí jiē bīn yǔ]
objekto;objekt.0o.GRA;玩艺[wán yì],玩藝[wán yì]
objekto;objekt.0o.GRA;宾语[bīn yǔ],賓語[bīn yǔ]
objekto de studo;objekt.stud0o.PED;題目[tí mù],题目[tí mù]
objektiva;objekt1.0a;客觀[kè guān],客观[kè guān]
objektiva;objekt1.0a;受格[shòu gé]
objektiveco;objekt1.0eco;客觀性[kè guān xìng],客观性[kè guān xìng]
objektivo;objekt2.0o;物鏡[wù jìng],物镜[wù jìng]
obĵeti;objxet.0i;牴触[dǐ chù],牴觸[dǐ chù]
obĵeti;objxet.0i;駁[bó],驳[bó]
obĵeti;objxet.0i;頂撞[dǐng zhuàng],顶撞[dǐng zhuàng]
obĵeto;objxet.0o;二話[èr huà],二话[èr huà]
obĵeto;objxet.0o;异议[yì yì],異議[yì yì]
obĵeto;objxet.0o;不同意[bù tóng yì]
obleco;obl.0eco;倍数[bèi shù],倍數[bèi shù]
obligi;obl.0igi;相乘[xiāng chéng]
obligi;obl.0igi;倍增[bèi zēng]
obligi;obl.0igi;再育[zài yù]
oblo;obl.0o;多工[duō gōng]
oblo;obl.0o;倍数[bèi shù],倍數[bèi shù]
oblo;obl.0o;整倍数[zhěng bèi shù],整倍數[zhěng bèi shù]
multobla;obl.mult0a;多个[duō ge],多個[duō ge]
multobla;obl.mult0a;多重[duō chóng]
multobla;obl.mult0a;倍式[bèi shì]
multobligi;obl.mult0igi;乘[chéng]
multobligi;obl.mult0igi;相乘[xiāng chéng]
plej malgranda komuna oblo;obl.plej_malgranda_komuna_0o;最小公倍数[zuì xiǎo gōng bèi shù],最小公倍數[zuì xiǎo gōng bèi shù]
plurobla;obl.plur0a;多工[duō gōng]
plurobla;obl.plur0a;倍数[bèi shù],倍數[bèi shù]
oblato;oblat.0o;威化餅乾[wēi huà bǐng gān],威化饼干[wēi huà bǐng gān]
obligacio;obliga.0o;债券[zhài quàn],債券[zhài quàn]
obligacio;obliga.0o;欠賬[qiàn zhàng],欠账[qiàn zhàng]
obligacio;obliga.0o;公司债券[gōng sī zhài quàn],公司債券[gōng sī zhài quàn]
oblikva;oblikv.0a;斜[xié]
oblikva;oblikv.0a;斜过[xié guò],斜過[xié guò]
oblikva;oblikv.0a;横斜[héng xié],橫斜[héng xié]
oblikva;oblikv.0a;頗[pō],颇[pō]
oblikviri;oblikv.0i.kie;躲閃[duǒ shǎn],躲闪[duǒ shǎn]
oblikviri;oblikv.0i.kie;避讓[bì ràng],避让[bì ràng]
oblikvo;oblikv.0o.signo;剸[tuán]
oblikvo;oblikv.0o.signo;斜線號[xié xiàn hào],斜线号[xié xiàn hào]
obolo;obol.0o;奥波勒斯[ào bō lēi sī],奧波勒斯[ào bō lēi sī]
obscena;obscen.0a;猥亵[wěi xiè],猥褻[wěi xiè]
obscena;obscen.0a;婬[yín]
obscena;obscen.0a;淫秽[yín huì],淫穢[yín huì]
obscena;obscen.0a;淫亵[yín xiè],淫褻[yín xiè]
obscena;obscen.0a;淫[yín],滛[yín]
obscena;obscen.0a;不合礼仪的[bù hé lǐ yí de],不合禮儀的[bù hé lǐ yí de]
obscena;obscen.0a;不正經[bù zhèng jing],不正经[bù zhèng jing]
obscenaĵo;obscen.0ajxo;淫秽[yín huì],淫穢[yín huì]
obscenaĵo;obscen.0ajxo;好色[hǎo sè]
obscenaĵo;obscen.0ajxo;淫秽语言或行为[yín huì yǔ yán huò xíng wéi],淫穢語言或行為[yín huì yǔ yán huò xíng wéi]
obscenaĵo;obscen.0ajxo;脏字[zāng zì],髒字[zāng zì]
obsedi;obsed.0i;乾著急[gān zháo jí],干着急[gān zháo jí]
obsedi;obsed.0i;极痛苦[jí tòng kǔ],極痛苦[jí tòng kǔ]
obsedi;obsed.0i;迷住[mí zhu]
obsedo;obsed.0o;热衷[rè zhōng],熱衷[rè zhōng]
observado;observ.0ado.obeo;遵守[zūn shǒu]
observado;observ.0ado.obeo;礼仪[lǐ yí],禮儀[lǐ yí]
observado;observ.0ado.obeo;考察[kǎo chá]
observaĵo;observ.0ajxo;知覺[zhī jué],知觉[zhī jué]
observanto;observ.0anto;觀察人士[guān chá rén shì],观察人士[guān chá rén shì]
observanto;observ.0anto;觀察員[guān chá yuán],观察员[guān chá yuán]
observanto;observ.0anto;觀察家[guān chá jiā],观察家[guān chá jiā]
observanto;observ.0anto;觀測者[guān cè zhě],观测者[guān cè zhě]
observanto;observ.0anto;旁觀者[páng guān zhě],旁观者[páng guān zhě]
observanto;observ.0anto;监测人员[jiān cè rén yuán],監測人員[jiān cè rén yuán]
observejo;observ.0ejo;监测所[jiān cè sǔp],監測所[jiān cè sǔp]
observi;observ.0i;觀測[guān cè],观测[guān cè]
observi;observ.0i;覘[chān],觇[chān]
observi;observ.0i;遵[zūn]
observi;observ.0i;觀察[guān chá],观察[guān chá]
kaŝobservi;observ.kasx0i;諜[dié],谍[dié]
kaŝobservi;observ.kasx0i;覘[chān],觇[chān]
kaŝobservi;observ.kasx0i;瞷[jiàn]
kaŝobservi;observ.kasx0i;詗[xiòng]
kaŝobservi;observ.kasx0i;伺[sì]
kaŝobservi;observ.kasx0i;詗[xiòng],诇[xiòng]
malobservi;observ.mal0i;犯[fàn]
malobservi;observ.mal0i;违[wéi],違[wéi]
malobservi;observ.mal0i;违背[wéi bèi],違背[wéi bèi]
astronomia observejo;observ.stel0ejo;监测所[jiān cè sǔp],監測所[jiān cè sǔp]
meteologia observejo;observ.veter0ejo;气象局[qì xiàng jú],氣象局[qì xiàng jú]
meteologia observejo;observ.veter0ejo;气象台[qì xiàng tái],氣象台[qì xiàng tái]
observatorio;observ1.0o;天文台[tiān wén tái]
observatorio;observ1.0o;瞭望台[liào wàng tái],瞭望臺[liào wàng tái]
observatorio;observ1.0o;觀察所[guān chá suǒ],观察所[guān chá suǒ]
observatorio;observ1.0o;觀測站[guān cè zhàn],观测站[guān cè zhàn]
observatorio;observ1.0o;监测所[jiān cè sǔp],監測所[jiān cè sǔp]
stelobservejo;;天文台[tiān wén tái]
observejo;;瞭望台[liào wàng tái]
obsidiano;obsidian.0o;黑曜岩[hēi yào yán]
obsidiano;obsidian.0o;黑曜石[hēi yào shí]
obskura;obskur.0a;暧[ài],曖[ài]
obskura;obskur.0a;奥[ào],奧[ào]
obskura;obskur.0a;悜[chěng]
obskura;obskur.0a;昧沒[mèi mò],昧没[mèi mò]
obskura;obskur.0a;叆[ài],靉[ài]
obstakli;obstak.0i;悮[wù]
obstakli;obstak.0i;妨[fáng]
obstakli;obstak.0i;妨碍[fáng ài],妨礙[fáng ài]
obstakli;obstak.0i;碍[ài],礙[ài]
obstakli;obstak.0i;絆[bàn],绊[bàn]
obstaklo;obstak.0o;障碍[zhàng ài],障礙[zhàng ài]
obstaklo;obstak.0o;阻碍[zǔ ài],阻礙[zǔ ài]
obstaklo;obstak.0o;障碍物[zhàng ài wù],障礙物[zhàng ài wù]
obstaklo;obstak.0o;难关[nán guān],難關[nán guān]
obstaklo;obstak.0o;大关[dà guān],大關[dà guān]
obstaklo;obstak.0o;絆腳石[bàn jiǎo shí],绊脚石[bàn jiǎo shí]
obstina;obstin.0a;頑固[wán gù],顽固[wán gù]
obstina;obstin.0a;固執[gù zhí],固执[gù zhí]
obstina;obstin.0a;倔強[jué jiàng],倔强[jué jiàng]
obstina;obstin.0a;愎[bì]
obstina;obstin.0a;拗[niù]
obstina;obstin.0a;硁[kēng],硜[kēng]
obstina;obstin.0a;紾[zhěn]
obstina;obstin.0a;強[jiàng],强[jiàng]
obstina;obstin.0a;繣[huà]
obstina;obstin.0a;死心眼儿[sǐ xīn yǎn r],死心眼兒[sǐ xīn yǎn r]
obstina;obstin.0a;迕[wǔ]
obstineco;obstin.0eco;頑固[wán gù],顽固[wán gù]
obstineco;obstin.0eco;牛心[niú xīn]
obstineco;obstin.0eco;牛性[niú xìng]
obstineco;obstin.0eco;倔強[jué jiàng],倔强[jué jiàng]
obstineco;obstin.0eco;任性[rèn xìng]
obstineco;obstin.0eco;犟劲[jiàng jìn],犟勁[jiàng jìn]
obstini;obstin.0i;一意孤行[yī yì gū xíng]
obstini;obstin.0i;挺[tǐng]
obstini;obstin.0i;坚执[jiān zhí],堅執[jiān zhí]
obstino;obstin.0o;頑固[wán gù],顽固[wán gù]
obstino;obstin.0o;牛心[niú xīn]
obstino;obstin.0o;牛性[niú xìng]
obstino;obstin.0o;倔強[jué jiàng],倔强[jué jiàng]
obstino;obstin.0o;任性[rèn xìng]
obstino;obstin.0o;犟劲[jiàng jìn],犟勁[jiàng jìn]
obstinulo;obstin.0ulo;啸鹟科[xiào wēng kē],嘯鶲科[xiào wēng kē]
obstrukci;obstru.0i;閡[hé],阂[hé]
obstrukci;obstru.0i;壅[yōng]
obstrukci;obstru.0i;妨碍[fáng ài],妨礙[fáng ài]
obstrukci;obstru.0i;挡住[dǎng zhù],擋住[dǎng zhù]
obstrukci;obstru.0i;拦阻[lán zǔ],攔阻[lán zǔ]
obstrukci;obstru.0i;滞塞[zhì sāi],滯塞[zhì sāi]
obstrukci;obstru.0i;窒[zhì]
obstrukci;obstru.0i;阻[zǔ]
obstrukco;obstru.0o;梗死[gěng sǐ]
obstrukco;obstru.0o;阻碍[zǔ ài],阻礙[zǔ ài]
obtuza;obtuz.0a.MUZ;沉悶[chén mèn],沉闷[chén mèn]
obtuza;obtuz.0a.MUZ;低沉[dī chén]
obtuza;obtuz.0a.angulo;不尖[bù jiān]
obtuza;obtuz.0a.angulo;鈍角[dùn jiǎo],钝角[dùn jiǎo]
obtuza;obtuz.0a.angulo;鈍[dùn],钝[dùn]
obuso;obus.0o;炮弹[pào dàn],炮彈[pào dàn]
oceano;ocean.0o;海洋[hǎi yáng]
oceano;ocean.0o;洋[yáng]
oceano;ocean.0o;大海[dà hǎi]
oceano;ocean.0o;海[hǎi]
oceano;ocean.0o;瀛[yíng]
oceano;ocean.0o;瀚[hàn]
Antarkta Oceano;ocean.AntarktaO0o;南冰洋[Nán bīng yáng]
Antarkta Oceano;ocean.AntarktaO0o;南大洋[Nán Dà yáng]
Antarkta Oceano;ocean.AntarktaO0o;南极海[Nán jí Hǎi],南極海[Nán jí Hǎi]
Norda Oceano;ocean.ArktaO0o;北冰洋[Běi bīng yáng]
Norda Oceano;ocean.ArktaO0o;北极海[běi jí hǎi],北極海[běi jí hǎi]
Atlanta Oceano;ocean.Atlanta_O0o;大西洋[Dà xī yáng]
Hinda Oceano;ocean.Hinda0o;印度洋[Yìn dù yáng]
Pacifika Oceano;ocean.Silenta_O0o;太平洋[Tài píng Yáng]
Oceanio;oceani.O0o;大洋洲[Dà yáng zhōu]
oceanologiisto;oceanologi.0isto;海洋学者[hǎi yáng xué zhě],海洋學者[hǎi yáng xué zhě]
oceanologiisto;oceanologi.0isto;海洋研究者[hǎi yáng yán jiū zhē]
oceanologio;oceanologi.0o;海洋学[hǎi yáng xué],海洋學[hǎi yáng xué]
odekolono;odekolon.0o;花露水[huā lù shuǐ]
odekolono;odekolon.0o;科隆香水[kē lóng xiāng shuǐ]
Odiseado;odise.0ado;奥德赛[ào dé sài],奧德賽[ào dé sài]
Odiseado;odise.0ado;奥德赛[Ào dé sài],奧德賽[Ào dé sài]
Odiseado;odise.0ado;長途漂泊[cháng tú piāo bó],长途漂泊[cháng tú piāo bó]
Odiseo;odise.0o;奥德修斯[Ào dé xiū sī],奧德修斯[Ào dé xiū sī]
Odiseo;odise.0o;奥迪修斯[Ào dí xiū sī],奧迪修斯[Ào dí xiū sī]
odora;odor.0a;香[xiāng]
odora;odor.0a;好香[hǎo xiāng]
odora;odor.0a;喷香[pèn xiāng],噴香[pèn xiāng]
odora;odor.0a;芳[fāng]
odora;odor.0a;馥馥[fù fù]
odora;odor.0a;芬芳[fēn fāng]
odora;odor.0a;香的[xiāng de]
odora;odor.0a;馡[fēi]
odori;;发出香味[fā chū xiāng wèi],發出香味[fā chū xiāng wèi]
odori;;释放芳香[shì fàng fāng xiāng],釋放芳香[shì fàng fāng xiāng]
odoro;odor.0o;气息[qì xī],氣息[qì xī]
odoro;odor.0o;味[wèi]
odoro;odor.0o;气[qì],氣[qì]
odoro;odor.0o;气味[qì wèi],氣味[qì wèi]
bonodora;odor.bon0a;馡[fēi]
bonodora;odor.bon0a;馨[xīn]
bonodora;odor.bon0a;苾[bì]
bonodora;odor.bon0a;芳[fāng]
bonodora;odor.bon0a;香[xiāng]
bonodora;odor.bon0a;芬芳[fēn fāng]
bonodorfumaĵo;odor.bon0fumajxo;炷[zhù]
bonodorfumaĵo;odor.bon0fumajxo;香气[xiāng qì],香氣[xiāng qì]
bonodorfumaĵo;odor.bon0fumajxo;香[xiāng]
bonodorfumaĵo;odor.bon0fumajxo;乳香[rǔ xiāng]
bonodorfumaĵo;odor.bon0fumajxo;線香[xiàn xiāng],线香[xiàn xiāng]
bonodori;odor.bon0i;发出香味[fā chū xiāng wèi],發出香味[fā chū xiāng wèi]
bonodori;odor.bon0i;释放芳香[shì fàng fāng xiāng],釋放芳香[shì fàng fāng xiāng]
malbonodora;odor.malbon0a;臭[chòu]
malbonodora;odor.malbon0a;臭烘烘[chòu hōng hōng]
malbonodora;odor.malbon0a;臭熏熏[chòu xūn xūn],臭燻燻[chòu xūn xūn]
malbonodora;odor.malbon0a;臭的[chòu de]
fiodori;odor.malbon0i;发臭[fā chòu],發臭[fā chòu]
odoraĉo;odor.malbon0o;恶臭[è chòu],惡臭[è chòu]
odoraĉo;odor.malbon0o;臊气[sāo qì],臊氣[sāo qì]
odoraĉo;odor.malbon0o;臭气[chòu qì],臭氣[chòu qì]
senodorigilo;odor.sen0igilo;除臭剂[chú chòu jì],除臭劑[chú chòu jì]
senodorigilo;odor.sen0igilo;香体剂[xiāng tǐ jì],香體劑[xiāng tǐ jì]
Odro;odr.O0o;奧得河[ào dé hé]
Odro;odr.O0o;奥得河[ào děi hé],奧得河[ào děi hé]
ofenda;ofend.0a;难听[nán tīng],難聽[nán tīng]
ofendeti;ofend.0eti;呧[dǐ]
ofendeti;ofend.0eti;伤心[shāng xīn],傷心[shāng xīn]
ofendi;ofend.0i;冒犯[mào fàn]
ofendi;ofend.0i;惹人[rě rén]
ofendi;ofend.0i;触犯[chù fàn],觸犯[chù fàn]
ofendi;ofend.0i;惹恼[rě nǎo],惹惱[rě nǎo]
ofendiĝema;ofend.0igxema;敏感[mǐn gǎn]
ofendiĝi;ofend.0igxi;上火[shàng huǒ]
ofendiĝo;ofend.0igxo;饞言[chán yán],馋言[chán yán]
ofendo;ofend.0o;冒犯[mào fàn]
ofendo;ofend.0o;凌辱[líng rǔ]
ofendo;ofend.0o;謷[áo]
ofendo;ofend.0o;罪愆[zuì qiān]
ofensivo;ofensi.0o;攻势[gōng shì],攻勢[gōng shì]
ofensivo;ofensi.0o;进攻[jìn gōng],進攻[jìn gōng]
oferado;ofer.0ado;牺[xī],犧[xī]
oferaĵo;ofer.0ajxo;供[gòng]
oferaĵo;ofer.0ajxo;牲礼[shēng lǐ],牲禮[shēng lǐ]
oferaĵo;ofer.0ajxo;供物[gòng wù]
oferaĵo;ofer.0ajxo;供品[gòng pǐn]
oferaĵo;ofer.0ajxo;犊[dú],犢[dú]
oferaĵo;ofer.0ajxo;祭牲[jì shēng]
oferaĵo;ofer.0ajxo;奉现[fèng xiàn],奉現[fèng xiàn]
oferaĵo;ofer.0ajxo;餼[xì],饩[xì]
oferema;ofer.0ema;慷慨[kāng kǎi]
oferema;ofer.0ema;慨[kǎi]
oferi;ofer.0i;牺牲[xī shēng],犧牲[xī shēng]
oferi;ofer.0i;牲礼[shēng lǐ],牲禮[shēng lǐ]
ofero;ofer.0o;牺牲[xī shēng],犧牲[xī shēng]
ofero;ofer.0o;禜[yǒng]
ofero;ofer.0o;軷[bá]
ofero;ofer.0o;祭物[jì wù]
ofero;ofer.0o;畤[zhì]
brulofero;ofer.brul0o;烧祭[shāo jì],燒祭[shāo jì]
brulofero;ofer.brul0o;全烧祭[quán shāo jì],全燒祭[quán shāo jì]
buĉofero;ofer.bucx0o;牺牲品[xī shēng pǐn],犧牲品[xī shēng pǐn]
buĉofero;ofer.bucx0o;牺牲者[xī shēng zhě],犧牲者[xī shēng zhě]
buĉofero;ofer.bucx0o;祭品[jì pǐn]
sinofero;ofer.sin0o;事业心[shì yè xīn],事業心[shì yè xīn]
sinofero;ofer.sin0o;献身[xiàn shēn],獻身[xiàn shēn]
sinofero;ofer.sin0o;奉献[fèng xiàn],奉獻[fèng xiàn]
sinofero;ofer.sin0o;沉溺于[chén nì yú],沉溺於[chén nì yú]
verŝofero;;奠酒[diàn jiǔ]
oferti;ofert.0i;献[xiàn],獻[xiàn]
oferti;ofert.0i;報盤[bào pán],报盘[bào pán]
oferti;ofert.0i;提供[tí gōng]
oferti;ofert.0i;奉上[fèng shàng]
oferto;ofert.0o;報盤[bào pán],报盘[bào pán]
oferto;ofert.0o;下注[xià zhù]
oferto;ofert.0o;出价了[chū jià liǎo],出價了[chū jià liǎo]
oferto;ofert.0o;建議過[jiàn yì guò],建议过[jiàn yì guò]
oferto;ofert.0o;提議過[tí yì guò],提议过[tí yì guò]
oficejo;ofic.0ejo;局[jú]
oficejo;ofic.0ejo;办公室[bàn gōng shì],辦公室[bàn gōng shì]
oficejo;ofic.0ejo;署[shǔ]
oficejo;ofic.0ejo;衙[yá]
oficejo;ofic.0ejo;廨[xiè]
oficisto;ofic.0isto;公備員[gōng bèi yuán],公备员[gōng bèi yuán]
oficisto;ofic.0isto;宦[huàn]
ofico;ofic.0o;职[zhí],職[zhí]
ofico;ofic.0o;岗位[gǎng wèi],崗位[gǎng wèi]
ofico;ofic.0o;差事[chāi shi]
centra oficejo;ofic.centra_0ejo;总公司[zǒng gōng sī],總公司[zǒng gōng sī]
centra oficejo;ofic.centra_0ejo;本部[běn bù]
centra oficejo;ofic.centra_0ejo;总局[zǒng jú],總局[zǒng jú]
senoficigi;ofic.sen0igi;撤职[chè zhí],撤職[chè zhí]
senoficigi;ofic.sen0igi;免职[miǎn zhí],免職[miǎn zhí]
senoficigi;ofic.sen0igi;免[miǎn]
ŝtatoficisto;ofic.sxtat0isto;官吏[guān lì]
ŝtatoficisto;ofic.sxtat0isto;官员[guān yuán],官員[guān yuán]
ŝtatoficisto;ofic.sxtat0isto;政府官员[zhèng fǔ guān yuán],政府官員[zhèng fǔ guān yuán]
oficiala;oficia.0a;正式[zhèng shì]
oficiala;oficia.0a;官方[guān fāng]
oficiala;oficia.0a;掾[yuàn]
oficialulo;oficia.0ulo;郎[láng]
oficialulo;oficia.0ulo;主管[zhǔ guǎn]
oficialulo;oficia.0ulo;干部[gàn bù],幹部[gàn bù]
oficiro;oficir.0o;尉[wèi]
oficiro;oficir.0o;军官[jūn guān],軍官[jūn guān]
oficiro;oficir.0o;军长[jūn zhǎng],軍長[jūn zhǎng]
oficialulo;;官员[guān yuán],官員[guān yuán]
suboficiro;oficir.sub0o;士官[shì guān]
suboficiro;oficir.sub0o;军士[jūn shì],軍士[jūn shì]
suboficiro;oficir.sub0o;中士[zhōng shì]
suboficiro;oficir.sub0o;下級軍官[xià jí jūn guān],下级军官[xià jí jūn guān]
ofsajdo;ofsajd.0o;越位[yuè wèi]
ofseto;ofset.0o;胶版印刷[jiāo bǎn yìn shuā],膠版印刷[jiāo bǎn yìn shuā]
ofta;oft.0a;頻[pín],频[pín]
ofta;oft.0a;常見[cháng jiàn],常见[cháng jiàn]
ofta;oft.0a;頻繁[pín fán],频繁[pín fán]
ofta;oft.0a;頻仍[pín réng],频仍[pín réng]
ofta;oft.0a;时常[shí cháng],時常[shí cháng]
ofte;oft.0e;时常[shí cháng],時常[shí cháng]
ofte;oft.0e;常[cháng]
ofte;oft.0e;常常[cháng cháng]
ofte;oft.0e;勤密[qín mì]
ofte;oft.0e;常时[cháng shí],常時[cháng shí]
ofte;oft.0e;每每[měi měi]
ofte;oft.0e;往往[wǎng wǎng]
ofteco;oft.0eco;頻[pín],频[pín]
ofteco;oft.0eco;次数[cì shù],次數[cì shù]
ofteco;oft.0eco;頻次[pín cì],频次[pín cì]
ofto;oft.0o;次数[cì shù],次數[cì shù]
malofta;oft.mal0a;少有[shǎo yǒu]
malofta;oft.mal0a;难得[nán dé],難得[nán dé]
malofta;oft.mal0a;稀少[xī shǎo]
malofta;oft.mal0a;罕見[hǎn jiàn],罕见[hǎn jiàn]
malofta;oft.mal0a;罕[hǎn]
malofta;oft.mal0a;稀[xī]
malofta;oft.mal0a;稀有[xī yǒu]
malofta;oft.mal0a;难得一见[nán dé yī jiàn],難得一見[nán dé yī jiàn]
malofta;oft.mal0a;罕有[hǎn yǒu]
malofta;oft.mal0a;珍奇[zhēn qí]
malofta;oft.mal0a;不可多得[bù kě duō dé]
malofta;oft.mal0a;稀奇[xī qí]
maloftaĵo;oft.mal0ajxo;稀罕[xī han]
maloftaĵo;oft.mal0ajxo;尤物[yóu wù]
maloftaĵo;oft.mal0ajxo;瑰宝[guī bǎo],瑰寶[guī bǎo]
plejofte;oft.plej0e;克服[kè fú]
plejofte;oft.plej0e;最为[zuì wéi],最為[zuì wéi]
plejofte;oft.plej0e;很經常[hěn jīng cháng],很经常[hěn jīng cháng]
plejofte;oft.plej0e;大多[dà duō]
plejofte;oft.plej0e;几至[jī zhì],幾至[jī zhì]
plioftiĝi;oft.pli0igxi;滋生[zī shēng]
oftalmito;oftalm.0o;眼疾[yǎn jí]
oftalmologo;oftalmolog.0o;眼科医生[yǎn kē yī shēng],眼科醫生[yǎn kē yī shēng]
oftalmologio;oftalmologi.0o;眼科[yǎn kē]
oftalmologio;oftalmologi.0o;眼科学[yǎn kē xué],眼科學[yǎn kē xué]
ogiva;ogiv.0a;战斗部[zhàn dǒu bù],戰斗部[zhàn dǒu bù]
ogivo;ogiv.0o;战斗部[zhàn dòu bù],戰斗部[zhàn dòu bù]
ogivo;ogiv.0o;弹头[dàn tóu],彈頭[dàn tóu]
Ohio;ohi.0o;俄亥俄[Á hài é]
Ohio;ohi.0o;俄亥俄州[Á hài é zhōu]
Oĥocko;ohxock.O0o;鄂霍次克[è huò cì kè],鄂霍次剋[è huò cì kè]
ojdio;ojdi.0o;白粉病[bái fěn bìng]
ojdio;ojdi.0o;粉孢子[fěn bāo zǐ]
okapio;okapi.0o;霍加狓[huò jiā pī]
okarino;okarin.0o;埙[xūn],塤[xūn]
okarino;okarin.0o;陶笛[táo dí]
okaza;okaz.0a;碰巧[pèng qiǎo]
okaza;okaz.0a;偶然[ǒu rán]
okaza;okaz.0a;偶尔[ǒu ěr],偶爾[ǒu ěr]
okazaĵo;okaz.0ajxo;事件[shì jiàn]
okazaĵo;okaz.0ajxo;巧合[qiǎo hé]
okazantaĵo;okaz.0antajxo.KOMUNE;发生的事情[fā shēng de shì qing],發生的事情[fā shēng de shì qing]
okazantaĵo;okaz.0antajxo.KOMUNE;升降索[shēng jiàng suǒ]
okazantaĵo;okaz.0antajxo.KOMUNE;事件[shì jiàn]
okaze;okaz.0e;偶尔[ǒu ěr],偶爾[ǒu ěr]
okaze de;okaz.0ede;趁[chèn]
okazi;okaz.0i;发生[fā shēng],發生[fā shēng]
okazi;okaz.0i;交叉而过[jiāo chā ér guò],交叉而過[jiāo chā ér guò]
okazigi;okaz.0igi;主办[zhǔ bàn],主辦[zhǔ bàn]
okazigi;okaz.0igi;備下[bèi xià],备下[bèi xià]
okazigi;okaz.0igi;安排[ān pái]
okazigi;okaz.0igi;組織[zǔ zhī],组织[zǔ zhī]
okazigi;okaz.0igi;举办[jǔ bàn],舉辦[jǔ bàn]
okazo;okaz.0o;事件[shì jiàn]
okazo;okaz.0o;頂目[dǐng mù],顶目[dǐng mù]
okazo;okaz.0o.MAT;事件[shì jiàn]
okazo;okaz.0o.bonsxanco;时机[shí jī],時機[shí jī]
okazo;okaz.0o.bonsxanco;机[jī],機[jī]
okazo;okaz.0o.bonsxanco;机会[jī huì],機會[jī huì]
okazo;okaz.0o.kazo;事件[shì jiàn]
okazo de urĝeco;okaz.0o_de_bezono;紧急事件[jǐn jí shì jiàn],緊急事件[jǐn jí shì jiàn]
okazo de urĝeco;okaz.0o_de_bezono;如果需要[rú guǒ xū yào]
okazo de urĝeco;okaz.0o_de_bezono;紧急情况[jǐn jí qíng kuàng],緊急情況[jǐn jí qíng kuàng]
okazo de urĝeco;okaz.0o_de_bezono;突发事件[tū fā shì jiàn],突發事件[tū fā shì jiàn]
okazo de urĝeco;okaz.0o_de_bezono;急要[jí yào]
okazo de urĝeco;okaz.0o_de_bezono;緩急[huǎn jí],缓急[huǎn jí]
aparta okazo;okaz.aparta0o;个案[gè àn],個案[gè àn]
elementa okazo;okaz.elementa0o;基本事件[jī běn shì jiàn]
en la okazo ke;okaz.en_la_0o_se;假若[jiǎ ruò]
feliĉokaze;okaz.felicx0e;侥幸[jiǎo xìng],僥倖[jiǎo xìng]
feliĉokaze;okaz.felicx0e;儌[jiǎo]
feliĉokaze;okaz.felicx0e;幸好[xìng hǎo]
feliĉokaze;okaz.felicx0e;幸而[xìng ér]
feliĉokaze;okaz.felicx0e;幸亏[xìng kuī],幸虧[xìng kuī]
ĝustokaze;okaz.gxust0e;恰好[qià hǎo]
ĝustokaze;okaz.gxust0e;正好[zhèng hǎo]
kunokazeco;okaz.kun0eco;巧合[qiǎo hé]
neniaokaze;okaz.neniu0e;严禁[yán jìn],嚴禁[yán jìn]
neniaokaze;okaz.neniu0e;决不[jué bù],決不[jué bù]
neniaokaze;okaz.neniu0e;並不[bìng bù],并不[bìng bù]
neniaokaze;okaz.neniu0e;毫不[háo bù]
porokaza;okaz.por0a;特設[tè shè],特设[tè shè]
porokaza;okaz.por0a.KOMUNE;之际[zhī jì],之際[zhī jì]
okcidenta;okcide.0a;西部[xī bù]
okcidenta;okcide.0a;往西[wǎng xī]
okcidentano;okcide.0ano;洋人[yáng rén]
okcidentano;okcide.0ano;西方人[Xī fāng rén]
okcidente de;okcide.0ede;西边[xī biān],西邊[xī biān]
okcidente de;okcide.0ede;以西[yǐ xī]
Okcidento;okcide.O0o;西方国家[xī fāng guó jiā],西方國家[xī fāng guó jiā]
Okcidento;okcide.O0o;西洋[xī yáng]
Okcidento;okcide.O0o;西方[Xī fāng]
Okcidento;okcide.O0o;西部[xī bù]
Okcidento;okcide.O0o;欧美[ōu měi],歐美[ōu měi]
okcipita osto;okcipi.0osto;枕骨[zhěn gǔ]
okcipitalo;okcipital.0o;枕骨[zhěn gǔ]
okcitana;okcitan.0a;欧西坦语[ōu xī tǎn yǔ],歐西坦語[ōu xī tǎn yǔ]
Okcitanio;okcitani.0o;奥克西塔尼[Ào kè xī tǎ ní],奧克西塔尼[Ào kè xī tǎ ní]
o kej;okej.0;不差[bù chà]
o kej;okej.0;好啊[hǎo à]
o kej;okej.0;行[xíng]
o kej;okej.0;俞[yú]
o kej;okej.0;認可[rèn kě],认可[rèn kě]
o kej;okej.0;好啦[hǎo la]
Oklahomo;oklahom.0o;俄克拉何馬[Á kè lā hé mǎ],俄克拉何马[Á kè lā hé mǎ]
Oklahomo;oklahom.0o;奥克拉荷马[Ào kè lā hé mǎ],奧克拉荷馬[Ào kè lā hé mǎ]
okro;okr.0o;赭[zhě]
okro;okr.0o;赭石[zhě shí]
oksalido;;酢浆草[zuò jiāng cǎo],酢漿草[zuò jiāng cǎo]
oksalidacoj;oksali1.0oj;酢浆草科[zuò jiāng cǎo kē],酢漿草科[zuò jiāng cǎo kē]
Oksfordo;oksford.0o.urbo;牛津[Niú jīn]
oksidi;oksid.0igi;氧化[yǎng huà]
oksido;oksid.0o;氧化物[yǎng huà wù]
oksido;oksid.0o;氧化盐[yǎng huà yán],氧化鹽[yǎng huà yán]
duoksido;oksid.du0o;二氧化物[èr yǎng huà wù]
oksigeno;oksige.0o;氧气[yǎng qì],氧氣[yǎng qì]
oksigeno;oksige.0o;氧[yǎng]
oksikoko;oksiko.0o;小紅莓[xiǎo hóng méi],小红莓[xiǎo hóng méi]
oksimoro;oksimor.0o;逆喻[nì yù]
oksitocino;oksitocin.0o;催生素[cuī shēng sù]
okto;okt.0o;八度[bā dù]
oktanto;oktant.0o;卦限[guà xiàn]
Oktanto;oktant.O0o;南极座[Nán jí zuò],南極座[Nán jí zuò]
oktavo;oktav.0o.KRI;八行詩[bā xíng shī],八行诗[bā xíng shī]
oktavo;oktav.0o.TIP;八开[bā kāi],八開[bā kāi]
oktavo;;八度[bā dù]
oktavo;;八开本[bā kāi běn],八開本[bā kāi běn]
oktavo;;八开纸[bā kāi zhǐ],八開紙[bā kāi zhǐ]
okulegi;okul.0egi;瞟[piǎo]
okulglobo;okul.0globo;眼珠子[yǎn zhū zi]
okulglobo;okul.0globo;眼球[yǎn qiú]
okulglobo;okul.0globo;睛[jīng]
okulglobo;okul.0globo;眼珠[yǎn zhū]
okulglobo;okul.0globo;眼珠儿[yǎn zhū r],眼珠兒[yǎn zhū r]
okulumi;okul.0i;眄[miǎn]
okulumi;okul.0i;流眄[liú miǎn]
okulumi;okul.0i;瞟[piǎo]
okulisto;okul.0isto;眼科医生[yǎn kē yī shēng],眼科醫生[yǎn kē yī shēng]
okulisto;okul.0isto;眼科医师[yǎn kē yī shī],眼科醫師[yǎn kē yī shī]
okulo;okul.0o;眼帘[yǎn lián],眼簾[yǎn lián]
okulo;okul.0o;眼目[yǎn mù]
okulo;okul.0o;目[mù]
okulo;okul.0o;眼[yǎn]
okulo;okul.0o;眼睛[yǎn jing]
okulo;okul.0o;眼圈[yǎn quān]
akraokula;okul.akr0a;眼快[yǎn kuài]
kunmetita okulo;okul.kunmetita0o;复眼[fù yǎn],複眼[fù yǎn]
propraokule;okul.propr0e;亲眼[qīn yǎn],親眼[qīn yǎn]
propraokule;okul.propr0e;目睹[mù dǔ]
unuokula;okul.unu0a;独眼[dú yǎn],獨眼[dú yǎn]
okulario;okular.0o;目鏡[mù jìng],目镜[mù jìng]
okulario;okular.0o;接目鏡[jiē yǎn jìng],接目镜[jiē yǎn jìng]
okulta;okult.0a;玄秘[xuán mì]
okulta;okult.0a;非自然[fēi zì rán]
okulta;okult.0a;玄妙[xuán miào]
okultismo;okult.0ismo;神祕學[shén mì xué],神秘学[shén mì xué]
okupado;okup.0ado;业[yè],業[yè]
okupado;okup.0ado;录用[lù yòng],錄用[lù yòng]
okupado;okup.0ado;有事[yǒu shì]
okupado;okup.0ado;鞅掌[yāng zhǎng]
okupi;okup.0i;佔據[zhàn jù],占据[zhàn jù]
okupi;okup.0i;佔用[zhàn yòng],占用[zhàn yòng]
okupi;okup.0i;占[zhàn]
okupi;okup.0i;据[jù],據[jù]
okupi;okup.0i;占地[zhàn dì]
okupi;okup.0i;攻佔[gōng zhàn],攻占[gōng zhàn]
okupi;okup.0i;据有[jù yǒu],據有[jù yǒu]
okupi;okup.0i;碌[lù]
okupiĝi;okup.0igxi;务[wù],務[wù]
okupiĝi;okup.0igxi;从事[cóng shì],從事[cóng shì]
okupiĝi;okup.0igxi;伏侍[fú shi]
okupo;okup.0o;业[yè],業[yè]
ekokupi;okup.ek0i;被佔領[bèi zhàn lǐng],被占领[bèi zhàn lǐng]
ekokupi;okup.ek0i;填空[tián kòng]
ekokupi;okup.ek0i;按需供应[àn xū gōng yìng],按需供應[àn xū gōng yìng]
ekokupi;okup.ek0i;飾釘[shì dìng],饰钉[shì dìng]
malokupi;okup.mal0i;撤出[chè chū]
malokupi;okup.mal0i;撤离[chè lí],撤離[chè lí]
malokupi;okup.mal0i;清场[qīng chǎng],清場[qīng chǎng]
malokupi;okup.mal0i;腾出[téng chū],騰出[téng chū]
malokupi;okup.mal0i;移开[yí kāi],移開[yí kāi]
malokupi;okup.mal0i;空出[kōng chū]
malokupi;okup.mal0i;讓出[ràng chū],让出[ràng chū]
malokupi;okup.mal0i;迁出[qiān chū],遷出[qiān chū]
senokupa;okup.sen0a;无业[wú yè],無業[wú yè]
senokupa;okup.sen0a;无所事事[wú suǒ shì shì],無所事事[wú suǒ shì shì]
senokupa;okup.sen0a;失业的[shī yè de],失業的[shī yè de]
senokupa;okup.sen0a;沒工作[méi gōng zuò],没工作[méi gōng zuò]
okupacii;okupaci.0i;侵佔[qīn zhàn],侵占[qīn zhàn]
okupacii;okupaci.0i;佔據[zhàn jù],占据[zhàn jù]
okupacii;okupaci.0i;占[zhàn]
okupacii;okupaci.0i;霸据[bà jù],霸據[bà jù]
okupacio;okupaci.0o;侵佔[qīn zhàn],侵占[qīn zhàn]
okupacio;okupaci.0o;佔領[zhàn lǐng],占领[zhàn lǐng]
olapodrido;olapodrid.0o;烩饭[huì fàn],燴飯[huì fàn]
olapodrido;olapodrid.0o;炖汤[dùn tāng],燉湯[dùn tāng]
olda;old.0a;古老[gǔ lǎo]
olda;old.0a;年迈[nián mài],年邁[nián mài]
olea;ole.0a;油[yóu]
olea;ole.0a;油乎乎[yóu hū hū]
olea;ole.0a;含油[hán yóu]
olei;ole.0i;塗油[tú yóu],涂油[tú yóu]
olei;ole.0i;塗油於[tú yóu yú],涂油于[tú yóu yú]
olei;ole.0i;抹油[mǒ yóu]
oleo;ole.0o;油[yóu]
oleo;ole.0o;油料[yóu liào]
dizeloleo;ole.gas0o;柴油[chái yóu]
olivoleo;ole.oliv0o;橄榄油[gǎn lǎn yóu],橄欖油[gǎn lǎn yóu]
palmoleo;ole.palm0o.KUI;棕榈油[zōng lú: yóu],棕櫚油[zōng lú: yóu]
palmoleo;ole.palm0o.KUI;棕榈油[zōng lǘ yóu],棕櫚油[zōng lǘ yóu]
sanktolei;ole.sankt0i;抹油膏[mǒ yóu gāo]
ŝtonoleo;ole.sxton0o;原油[yuán yóu]
ŝtonoleo;ole.sxton0o;石油[shí yóu]
oleacoj;oleac.0oj;木犀科[mù xī kē]
oleandro;oleand.0o;夹竹桃[jiā zhú táo],夾竹桃[jiā zhú táo]
olibano;oliban.0o;乳香[rǔ xiāng]
oligarkio;oligar.0o;寡头政治[guǎ tóu zhèng zhì],寡頭政治[guǎ tóu zhèng zhì]
oligarĥo;oligark.0o;寡头[guǎ tóu],寡頭[guǎ tóu]
oligoceno;oligoc.0o;渐新世[jiān xīn shì],漸新世[jiān xīn shì]
oligoceno;oligoc.0o;渐新统[jiān xīn tǒng],漸新統[jiān xīn tǒng]
oligoĥetoj;oligohx.0oj;寡毛綱[guǎ máo gāng],寡毛纲[guǎ máo gāng]
oligopolo;oligopol.0o;寡头垄断[guǎ tóu lǒng duàn],寡頭壟斷[guǎ tóu lǒng duàn]
oligopolo;oligopol.0o;寡头卖主垄断[guǎ tóu mài zhǔ lǒng duàn],寡頭賣主壟斷[guǎ tóu mài zhǔ lǒng duàn]
oligopolo;oligopol.0o;少极化[shǎo jí huà],少極化[shǎo jí huà]
Olimpiaj Ludoj;olimpi.0aj_Ludoj;奥运会[Ào yùn huì],奧運會[Ào yùn huì]
Olimpiaj Ludoj;olimpi.0aj_Ludoj;奥运[Ào yùn],奧運[Ào yùn]
Olimpiaj Ludoj;olimpi.0aj_Ludoj;奥运[ào yùn],奧運[ào yùn]
Olimpiaj Ludoj;olimpi.0aj_Ludoj;奥运会[ào yùn huì],奧運會[ào yùn huì]
Olimpiaj Ludoj;olimpi.0aj_Ludoj;奥林匹克[ào lín pǐ kè],奧林匹克[ào lín pǐ kè]
Olimpiaj Ludoj;olimpi.0aj_Ludoj;奥林匹克运动会[ào lín pǐ kè yùn dòng huì],奧林匹克運動會[ào lín pǐ kè yùn dòng huì]
Olimpiaj Ludoj;olimpi.0aj_Ludoj;奥林匹克运动会[Ào lín pǐ kè Yùn dòng huì],奧林匹克運動會[Ào lín pǐ kè Yùn dòng huì]
Olimpiaj Ludoj;olimpi.0aj_Ludoj;奥运赛[Ào yùn sài],奧運賽[Ào yùn sài]
Olimpiaj Ludoj;olimpi.0aj_Ludoj;古代奥林匹克运动会[gǔ dài ào lín pǐ kè yùn dòng huì],古代奧林匹克運動會[gǔ dài ào lín pǐ kè yùn dòng huì]
Olimpio;;奥运[ào yùn],奧運[ào yùn]
Olimpiko;olimpik.0o;奥运会[Ào yùn huì],奧運會[Ào yùn huì]
Olimpiko;olimpik.0o;奥运[Ào yùn],奧運[Ào yùn]
Olimpiko;olimpik.0o;奥林匹克运动会[Ào lín pǐ kè Yùn dòng huì],奧林匹克運動會[Ào lín pǐ kè Yùn dòng huì]
Olimpiko;olimpik.0o;奥运赛[Ào yùn sài],奧運賽[Ào yùn sài]
Olimpiko;olimpik.0o;奥运[ào yùn],奧運[ào yùn]
Somera Olimpiko;olimpik.somera0o;夏季奥林匹克运动会[xià jì ào lín pǐ kè yùn dòng huì],夏季奧林匹克運動會[xià jì ào lín pǐ kè yùn dòng huì]
Vintra Olimpiko;olimpik.vintra0o;冬奥会[dōng ào huì],冬奧會[dōng ào huì]
Vintra Olimpiko;olimpik.vintra0o;冬季奥林匹克运动会[dōng jì ào lín pǐ kè yùn dòng huì],冬季奧林匹克運動會[dōng jì ào lín pǐ kè yùn dòng huì]
olivujo;oliv.0arbo;橄榄[gǎn lǎn],橄欖[gǎn lǎn]
olivo;oliv.0o;橄榄[gǎn lǎn],橄欖[gǎn lǎn]
olivo;oliv.0o;榄[lǎn],欖[lǎn]
Olivero;oliver.0o;奥利弗[ào lì fú],奧利弗[ào lì fú]
olmeko;olmek.0o;奥尔梅克文明[ào ěr méi kè wén míng],奧爾梅克文明[ào ěr méi kè wén míng]
-ologi;ologi.0;学[xué],學[xué]
Omo;om.0o;乔治西蒙欧姆[qiáo zhì xī méng ōu mǔ],喬治西蒙歐姆[qiáo zhì xī méng ōu mǔ]
Omo;om.0o;格奥尔格欧姆[gé ào ěr gé ōu mǔ],格奧爾格歐姆[gé ào ěr gé ōu mǔ]
ommetro;om.o0metro.unuo;欧姆计[ōu mǔ jì],歐姆計[ōu mǔ jì]
omo;om.o0o;欧姆[ōu mǔ],歐姆[ōu mǔ]
omaĝi;omagx.0i;参拜[cān bài],參拜[cān bài]
omaĝi;omagx.0i;請安[qǐng ān],请安[qǐng ān]
omaĝi;omagx.0i;致敬[zhì jìng]
omaĝo;omagx.0o;敬意[jìng yì]
omaĝo;;敬礼[jìng lǐ],敬禮[jìng lǐ]
Omano;oman.0o;阿曼[Ā màn]
omaro;omar.0o;龍蝦[lóng xiā],龙虾[lóng xiā]
ombroriĉa;ombr.0a;荫[yìn],蔭[yìn]
ombroriĉa;ombr.0a;綠陰[lù: yīn],绿阴[lù: yīn]
ombroriĉa;ombr.0a;遮荫[zhē yìn],遮蔭[zhē yìn]
ombroriĉa;ombr.0a;遮阴[zhē yīn],遮陰[zhē yīn]
subombro;ombr.0ajxo;影[yǐng]
subombro;ombr.0ajxo;阴影[yīn yǐng],陰影[yīn yǐng]
ombri;ombr.0i;荫[yìn],蔭[yìn]
ombri;ombr.0i;在阴影中[zài yīn yǐng zhōng],在陰影中[zài yīn yǐng zhōng]
ombri;ombr.0i;紧盯[jǐn dīng],緊盯[jǐn dīng]
ombri;ombr.0i;荫蔽[yìn bì],蔭蔽[yìn bì]
ombro;ombr.0o;影[yǐng]
ombro;ombr.0o;阴影[yīn yǐng],陰影[yīn yǐng]
ombro;ombr.0o;影子[yǐng zi]
ombro;ombr.0o;黑影[hēi yǐng]
ombro;ombr.0o;暗影[àn yǐng]
ombro;ombr.0o;荫[yìn],蔭[yìn]
ombro;ombr.0o;樾[yuè]
ombro;ombr.0o;树荫[shù yìn],樹蔭[shù yìn]
ombro;ombr.0o;影儿[yǐng r],影兒[yǐng r]
ĉinaj ombroj;ombr.cxinaj0oj.TEA;皮影戏[pí yǐng xì],皮影戲[pí yǐng xì]
ombrelo;ombrel.0o;伞[sǎn],傘[sǎn]
ombrelo;ombrel.0o;雨伞[yǔ sǎn],雨傘[yǔ sǎn]
ombrelo;ombrel.0o;繖[sǎn]
ombrelo;ombrel.0o;旱伞[hàn sǎn],旱傘[hàn sǎn]
pluvombrelo;ombrel.pluv0o;伞[sǎn],傘[sǎn]
pluvombrelo;ombrel.pluv0o;雨伞[yǔ sǎn],雨傘[yǔ sǎn]
pluvombrelo;ombrel.pluv0o;繖[sǎn]
sunombrelo;ombrel.sun0o;阳伞[yáng sǎn],陽傘[yáng sǎn]
sunombrelo;ombrel.sun0o;旱伞[hàn sǎn],旱傘[hàn sǎn]
Omdurmano;omdurman.0o;恩图曼[ēn tú màn],恩圖曼[ēn tú màn]
omego;omeg.0o;奥米伽[ào mǐ gā],奧米伽[ào mǐ gā]
omego;omeg.0o;欧米伽[ōu mǐ gā],歐米伽[ōu mǐ gā]
omena;omen.0a;凶[xiōng]
omeno;omen.0o;預兆[yù zhào],预兆[yù zhào]
omeno;omen.0o;异兆[yì zhào],異兆[yì zhào]
omeno;omen.0o;禨[jī]
omeno;omen.0o;先兆[xiān zhào]
omeno;omen.0o;兆头[zhào tou],兆頭[zhào tou]
omeno;omen.0o;前兆[qián zhào]
omikrono;omikron.0o;奥密克戎[ào mì kè róng],奧密克戎[ào mì kè róng]
omikrono;omikron.0o;奥米可戎[ào mǐ kě róng],奧米可戎[ào mǐ kě róng]
omleto;omlet.0o;欧姆蛋[ōu mǔ dàn],歐姆蛋[ōu mǔ dàn]
omleto;omlet.0o;奄列[yǎn liè]
omleto;omlet.0o;煎蛋卷[jiān dàn juǎn]
omleto;omlet.0o;蛋包[dàn bāo]
omleto;omlet.0o;煎蛋卷[jiān dàn juǎn],煎蛋捲[jiān dàn juǎn]
omleto;omlet.0o;純蛋捲[chún dàn juǎn],纯蛋卷[chún dàn juǎn]
omleto;omlet.0o;活力蛋餅[huó lì dàn bǐng]
omleto;omlet.0o;薄烤餅[bó kǎo bǐng],薄烤饼[bó kǎo bǐng]
omnibuso;omnibu.0o;客車[kè chē],客车[kè chē]
Omsko;omsk.0o;鄂木斯克[è mù sī kè]
-on;on.0;分之[fēn zhī]
onda;ond.0a;波动[bō dòng],波動[bō dòng]
onda;ond.0a;瓦楞[wǎ léng]
onda;ond.0a;呈波浪形[chéng bō làng xíng]
ondadi;ond.0igxi;波动[bō dòng],波動[bō dòng]
ondadi;ond.0igxi;盪漾[dàng yàng],荡漾[dàng yàng]
ondadi;ond.0igxi;起伏[qǐ fú]
ondiĝo;ond.0igxo;波[bō]
ondiĝo;ond.0igxo;瀁[yàng]
ondo;ond.0o;浪[làng]
ondo;ond.0o;大浪[dà làng]
ondo;ond.0o;波[bō]
ondo;ond.0o;波浪[bō làng]
ondo;ond.0o;水波[shuǐ bō]
ondo;ond.0o;挡水板[dǎng shuǐ bǎn],擋水板[dǎng shuǐ bǎn]
ondo;ond.0o;巨浪[jù làng]
ondolinia;ond.0olinia;瓦楞[wǎ léng]
ondolinia;ond.0olinia;呈波浪形[chéng bō làng xíng]
marondego;ond.mar0ego;海啸[hǎi xiào],海嘯[hǎi xiào]
ondatro;ondatr.0o;麝香蔷薇[shè xiāng qiáng wéi],麝香薔薇[shè xiāng qiáng wéi]
ondatro;ondatr.0o;麝鼠[shè shǔ]
oni;oni.0;我人[wǒ rén]
oni;oni.0;人人[rén rén]
oni;oni.0;人们[rén men],人們[rén men]
oni;oni.0;有些人[yǒu xiē rén]
oni;oni.0;某些人[mǒu xiē rén]
oni;oni.0;每一个人[měi yī gè rén],每一個人[měi yī gè rén]
onia;oni.0a;普遍地[pǔ biàn de]
onikso;oniks.0o;縞瑪瑙[gǎo mǎ nǎo],缟玛瑙[gǎo mǎ nǎo]
onklino;onkl.0ino;伯母[bó mǔ]
onklino;onkl.0ino;姑妈[gū mā],姑媽[gū mā]
onklino;onkl.0ino;姨[yí]
onklino;onkl.0ino;姑姑[gū gu]
onklino;onkl.0ino;叔母[shū mǔ]
onklino;onkl.0ino;妗[jìn]
onklino;onkl.0ino;婶母[shěn mǔ],嬸母[shěn mǔ]
onklino;onkl.0ino;舅母[jiù mǔ]
onklo;onkl.0o;叔[shū]
onklo;onkl.0o;叔叔[shū shu]
onklo;onkl.0o;伯伯[bó bo]
onklo;onkl.0o;叔父[shū fù]
onklo;onkl.0o;舅[jiù]
onklo;onkl.0o;伯父[bó fù]
onklo;onkl.0o;姑夫[gū fu]
onkologo;onkolog.0o.MED;肿瘤医师[zhǒng liú yī shī],腫瘤醫師[zhǒng liú yī shī]
onkologio;onkologi.0o;肿瘤学[zhǒng liú xué],腫瘤學[zhǒng liú xué]
onomatopeo;onomat.0o;拟声[nǐ shēng],擬聲[nǐ shēng]
onomatopeo;onomat.0o;拟声词[nǐ shēng cí],擬聲詞[nǐ shēng cí]
onta;ont.0a;将来[jiāng lái],將來[jiāng lái]
onta;ont.0a;未來[wèi lái],未来[wèi lái]
Ontario;ontari.O0o;安大略省[Ān dà lu:è shěng]
ontogenio;ontogenez.0o;个体发生[gè tǐ fā shēng],個體發生[gè tǐ fā shēng]
ontologio;ontolo.0o;本体论[běn tǐ lùn],本體論[běn tǐ lùn]
n-opo;op.n0o;元組[yuán zǔ],元组[yuán zǔ]
unuopa;op.unu0a;单人[dān rén],單人[dān rén]
unuopa;op.unu0a;个别地[gè bié de],個別地[gè bié de]
opaka;opak.0a.FOT;瓀[ruǎn]
opaka;opak.0a.FOT;不透明[bù tòu míng]
opaka;opak.0a.FOT;不透光[bù tòu guāng]
opaka;opak.0a.FOT;不透光的[bù tòu guāng de]
opalo;opal.0o;蛋白石[dàn bái shí]
opcio;opci.0o;选择权[xuǎn zé quán],選擇權[xuǎn zé quán]
opcio;opci.0o;选项[xuǎn xiàng],選項[xuǎn xiàng]
valorpapera opcio;opci.akcia0o;期权[qī quán],期權[qī quán]
valorpapera opcio;opci.akcia0o;选择权[xuǎn zé quán],選擇權[xuǎn zé quán]
akcia opcio;opci.akcia0o;期权[qī quán],期權[qī quán]
operejo;oper.0ejo;歌剧院[gē jù yuàn],歌劇院[gē jù yuàn]
opereto;oper.0eto;小型輕鬆歌劇[xiǎo xíng qīng sōng gē jù],小型轻松歌剧[xiǎo xíng qīng sōng gē jù]
opereto;oper.0eto;滑稽歌剧[huá ji gē jù],滑稽歌劇[huá ji gē jù]
opereto;oper.0eto;輕歌劇[qīng gē jù],轻歌剧[qīng gē jù]
opero;oper.0o;歌剧[gē jù],歌劇[gē jù]
miksopero;oper.duon0o;音乐剧[yīn yuè jù],音樂劇[yīn yuè jù]
operaciejo;operac.0ejo.KIR;手术室[shǒu shù shì],手術室[shǒu shù shì]
operacii;operac.0i;操作[cāo zuò]
operacii;operac.0i;运转[yùn zhuǎn],運轉[yùn zhuǎn]
operacio;operac.0o;手术[shǒu shù],手術[shǒu shù]
operacio;operac.0o.KOMP;作业[zuò yè],作業[zuò yè]
operaciumo;operac.0umo;操作系統[cāo zuò xì tǒng],操作系统[cāo zuò xì tǒng]
operaciumo;operac.0umo;作业系统[zuò yè xì tǒng],作業系統[zuò yè xì tǒng]
operaco;operac1.0o.MIL;军事行动[jūn shì xíng dòng],軍事行動[jūn shì xíng dòng]
operatoro;operat.0o;算符[suàn fú]
laplaca operatoro;operat.laplaca0o;拉普拉斯算子[lā pǔ lā sī suàn zǐ]
operkulo;operkul.0o;厣[yǎn],厴[yǎn]
opio;opi.0o;鴉片[yā piàn],鸦片[yā piàn]
opio;opi.0o;阿芙蓉[ā fú róng]
opio;opi.0o;大烟[dà yān],大煙[dà yān]
opio;opi.0o;阿片[ā piàn]
opio;opi.0o;福壽膏[fú shòu gāo],福寿膏[fú shòu gāo]
opiniama;opini.0ema;宣传性[xuān chuán xìng],宣傳性[xuān chuán xìng]
opiniama;opini.0ema;有倾向性[yǒu qīng xiàng xìng],有傾向性[yǒu qīng xiàng xìng]
opinii;opini.0i;認為[rèn wéi],认为[rèn wéi]
opinii;opini.0i;主张[zhǔ zhāng],主張[zhǔ zhāng]
opinio;opini.0o;看法[kàn fǎ]
opinio;opini.0o;主张[zhǔ zhāng],主張[zhǔ zhāng]
opinio;opini.0o;意思[yì si]
opinio;opini.0o;見地[jiàn dì],见地[jiàn dì]
opinio;opini.0o;見解[jiàn jiě],见解[jiàn jiě]
opinio;opini.0o;議[yì],议[yì]
opinio;opini.0o;觀點[guān diǎn],观点[guān diǎn]
opinio;opini.0o;言論[yán lùn],言论[yán lùn]
aparta opinio;opini.aparta0o;停止支付的通知[tíng zhǐ zhī fù de tōng zhī]
laŭ mia opinio;opini.mia0e;在我看來[zài wǒ kàn lái],在我看来[zài wǒ kàn lái]
laŭ mia opinio;opini.mia0e;依我看[yī wǒ kàn]
ĝenerala opinio;opini.publika0o;民意[mín yì]
ĝenerala opinio;opini.publika0o;公判[gōng pàn]
ĝenerala opinio;opini.publika0o;公众舆论[gōng zhòng yú lùn],公眾輿論[gōng zhòng yú lùn]
ĝenerala opinio;opini.publika0o;舆论[yú lùn],輿論[yú lùn]
ĝenerala opinio;opini.publika0o;公論[gōng lùn],公论[gōng lùn]
samopinieco;opini.sam0eco;一致[yī zhì]
samopinieco;opini.sam0eco;洽[qià]
samopinieco;opini.sam0eco;共識[gòng shì],共识[gòng shì]
samopinieco;opini.sam0eco;意見一致[yì jiàn yī zhì],意见一致[yì jiàn yī zhì]
samopinii;opini.sam0i;契合[qì hé]
samopinii;opini.sam0i;龤[xié]
samopinii;opini.sam0i;荅[dá]
samopinii;opini.sam0i;合乎[hé hū]
oponulo;opon.0anto;对头[duì tou],對頭[duì tou]
oponulo;opon.0anto;对手[duì shǒu],對手[duì shǒu]
oponulo;opon.0anto;政敌[zhèng dí],政敵[zhèng dí]
oponulo;opon.0anto;对抗者[duì kàng zhě],對抗者[duì kàng zhě]
oponi;opon.0i;对立[duì lì],對立[duì lì]
oponi;opon.0i;抗拒[kàng jù]
oponi;opon.0i;逆[nì]
oponi;opon.0i;咈[fú]
oponi;opon.0i;撄[yīng],攖[yīng]
oponi;opon.0i;抵抗[dǐ kàng]
oportuna;oportu.0a;便宜[biàn yí]
oportuna;oportu.0a;恰当[qià dàng],恰當[qià dàng]
oportuna;oportu.0a;适当[shì dàng],適當[shì dàng]
oportuna;oportu.0a;实用[shí yòng],實用[shí yòng]
oportunaĵo;oportu.0ajxo;亲切[qīn qiè],親切[qīn qiè]
oportuneco;oportu.0eco;合适[hé shì],合適[hé shì]
oportuneco;oportu.0eco;适宜性[shì yí xìng],適宜性[shì yí xìng]
oportuneco;oportu.0eco;适用性[shì yòng xìng],適用性[shì yòng xìng]
oportunismo;oportu.0ismo;机会主义[jī huì zhǔ yì],機會主義[jī huì zhǔ yì]
oportunismo;oportu.0ismo;投机主义[tóu jī zhǔ yì],投機主義[tóu jī zhǔ yì]
oportunisto;oportu.0isto;姑息者[gū xī zhě]
oportunisto;oportu.0isto;投机分子[tóu jī fèn zǐ],投機分子[tóu jī fèn zǐ]
oportunisto;oportu.0isto;机会主义者[jī huì zhǔ yì zhě],機會主義者[jī huì zhǔ yì zhě]
oportunisto;oportu.0isto;墙头草[qiáng tóu cǎo],牆頭草[qiáng tóu cǎo]
oportunisto;oportu.0isto;順應時勢者[shùn yìng shí shì zhě],顺应时势者[shùn yìng shí shì zhě]
oportunisto;oportu.0isto;騎牆主義者[qí qiáng zhǔ yì zhě],骑墙主义者[qí qiáng zhǔ yì zhě]
oportuno;oportu.0o;时机[shí jī],時機[shí jī]
oportuno;oportu.0o;商机[shāng jī],商機[shāng jī]
oportuno;oportu.0o;机会[jī huì],機會[jī huì]
oportuno;oportu.0o;机缘[jī yuán],機緣[jī yuán]
oportuno;oportu.0o;良机[liáng jī],良機[liáng jī]
maloportuna;oportu.mal0a;未便[wèi biàn]
maloportuna;oportu.mal0a;不合时宜[bù hé shí yí],不合時宜[bù hé shí yí]
maloportuna;oportu.mal0a;不相宜[bù xiāng yí]
maloportuna;oportu.mal0a;不适合[bù shì hé],不適合[bù shì hé]
maloportuna;oportu.mal0a;不合适[bù hé shì],不合適[bù hé shì]
maloportuna;oportu.mal0a;不适宜[bù shì yí],不適宜[bù shì yí]
maloportuna;oportu.mal0a;不順利[bù shùn lì],不顺利[bù shùn lì]
maloportuna;oportu.mal0a;欠妥[qiàn tuǒ]
maloportuna;oportu.mal0a;缺乏善意[quē fá shàn yì]
maloportunaĵo;oportu.mal0ajxo;周折[zhōu zhé]
maloportunaĵo;oportu.mal0ajxo;烦劳[fán láo],煩勞[fán láo]
maloportunaĵo;oportu.mal0ajxo;不情愿[bù qíng yuàn],不情願[bù qíng yuàn]
maloportunaĵo;oportu.mal0ajxo;不舒服[bù shū fu]
maloportunaĵo;oportu.mal0ajxo;不愿意[bù yuàn yì],不願意[bù yuàn yì]
maloportunaĵo;oportu.mal0ajxo;小病[xiǎo bìng]
opozicii;opozic.0i;对立[duì lì],對立[duì lì]
opozicii;opozic.0i;強烈反對[qiáng liè fǎn duì],强烈反对[qiáng liè fǎn duì]
opozicii;opozic.0i;抗拒[kàng jù]
opozicii;opozic.0i;抗击[kàng jī],抗擊[kàng jī]
opozicii;opozic.0i;撄[yīng],攖[yīng]
opozicio;opozic.0o;在野党[zài yě dǎng],在野黨[zài yě dǎng]
opozicio;opozic.0o;野党[yě dǎng],野黨[yě dǎng]
opoziciulo;opozic.0ulo;政敌[zhèng dí],政敵[zhèng dí]
opresi;opres.0i;压迫[yā pò],壓迫[yā pò]
opreso;opres.0o;压迫[yā pò],壓迫[yā pò]
opreso;opres.0o;迫害[pò hài]
opreso;opres.0o;压力[yā lì],壓力[yā lì]
optika;optik.0a;光纜[guāng lǎn],光缆[guāng lǎn]
optikisto;optik.0isto;光学仪器商[guāng xué yí qì shāng],光學儀器商[guāng xué yí qì shāng]
optikisto;optik.0isto;光学仪器制造厂[guāng xué yí qì zhì zào chǎng],光學儀器製造廠[guāng xué yí qì zhì zào chǎng]
optikisto;optik.0isto;眼鏡商[yǎn jìng shāng],眼镜商[yǎn jìng shāng]
optiko;optik.0o;光学[guāng xué],光學[guāng xué]
optiko;optik.0o;光学系统[guāng xué xì tǒng],光學系統[guāng xué xì tǒng]
optimisma;optimi.0a;乐观[lè guān],樂觀[lè guān]
optimisma;optimi.0a;乐天[lè tiān],樂天[lè tiān]
optimisma;optimi.0a;乐天派[lè tiān pài],樂天派[lè tiān pài]
optimismo;optimi.0o;乐观主义[lè guān zhǔ yì],樂觀主義[lè guān zhǔ yì]
optimisto;optimi1.0o;乐天派[lè tiān pài],樂天派[lè tiān pài]
optimisto;optimi1.0o;乐观主义者[lè guān zhǔ yì zhě],樂觀主義者[lè guān zhǔ yì zhě]
optimuma;optimum.0a;最佳[zuì jiā]
optimuma;optimum.0a;最优[zuì yōu],最優[zuì yōu]
optimuma;optimum.0a;最善[zuì shàn]
optimuma;optimum.0a;最适[zuì shì],最適[zuì shì]
optimuma;optimum.0a;最适宜[zuì shì yí],最適宜[zuì shì yí]
optimuma;optimum.0a;最有利[zuì yǒu lì]
optimuma;optimum.0a;最理想[zuì lǐ xiǎng]
optimumigi;optimum.0igi;优化[yōu huà],優化[yōu huà]
optimumigi;optimum.0igi;最优化[zuì yòu huà],最優化[zuì yòu huà]
oraĵisto;or.0ajxisto;金匠[jīn jiàng]
oraĵisto;or.0ajxisto;金飾工[jīn shì gōng],金饰工[jīn shì gōng]
orbazo;or.0bazo.EKON;金本位[jīn běn wèi]
orejo;or.0ejo;金矿[jīn kuàng],金礦[jīn kuàng]
ori;or.0i.tr;泥金[ní jīn]
ori;or.0i.tr;鑲金[xiāng jīn],镶金[xiāng jīn]
oro;or.0o;金子[jīn zi]
oro;or.0o;黃金[huáng jīn],黄金[huáng jīn]
oro;or.0o;鋆[yún]
orumi;or.0umi;泥金[ní jīn]
oracio;oraci.0o;致辞[zhì cí],致辭[zhì cí]
oracio;oraci.0o;演說[yǎn shuō],演说[yǎn shuō]
orakolo;orakol.0o;神諭[shén yù],神谕[shén yù]
orakolo;orakol.0o;諭示[yù shì],谕示[yù shì]
orangutango;orangu.0o;猩猩[xīng xing]
orangutango;orangu.0o;人猿[rén yuán]
orangutango;orangu.0o;猩[xīng]
orangutango;orangu.0o;紅毛猩猩[hóng máo xīng xīng],红毛猩猩[hóng máo xīng xīng]
oranĝa;orangx.0a;緹[tí],缇[tí]
oranĝa;orangx.0a;橘紅[jú hóng],橘红[jú hóng]
oranĝujo;orangx.0arbo;橘树[jú shù],橘樹[jú shù]
oranĝkolora;orangx.0kolora;緹[tí],缇[tí]
oranĝkolora;orangx.0kolora;橘紅[jú hóng],橘红[jú hóng]
oranĝkoloro;orangx.0koloro;橙[chéng]
oranĝkoloro;orangx.0koloro;橘紅[jú hóng],橘红[jú hóng]
oranĝo;orangx.0o;橙[chéng]
oranĝo;orangx.0o;橙子[chéng zi]
oranĝo;orangx.0o;柳丁[liǔ dīng]
oranĝo;orangx.0o;柳橙[liǔ chéng]
oratoraĵo;orator.0ajxo;演說[yǎn shuō],演说[yǎn shuō]
oratoraĵo;orator.0ajxo;話[huà],话[huà]
oratoraĵo;orator.0ajxo;陈词[chén cí],陳詞[chén cí]
oratoro;orator.0o;演說者[yǎn shuō zhě],演说者[yǎn shuō zhě]
oratoro;orator.0o;語者[yǔ zhě],语者[yǔ zhě]
oratorio;oratori.0o;神剧[shén jù],神劇[shén jù]
orbito;orbit.0o;眼眶[yǎn kuàng]
orbito;orbit.0o.ANA;眶[kuàng]
orbito;orbit.0o.ANA;眼眶[yǎn kuàng]
orbito;orbit.0o.AST;行星軌道[xíng xīng guǐ dào],行星轨道[xíng xīng guǐ dào]
orcino;orcin.0o.orko;虎鯨[hǔ jīng],虎鲸[hǔ jīng]
orcino;orcin.0o.orko;逆戟鯨[nì jǐ jīng],逆戟鲸[nì jǐ jīng]
orcino;orcin.0o.orko;杀人鲸[shā rén jīng],殺人鯨[shā rén jīng]
orda;ord.0a;有系統[yǒu xì tǒng],有系统[yǒu xì tǒng]
orda;ord.0a;有序[yǒu xù]
orda;ord.0a;整齊[zhěng qí],整齐[zhěng qí]
orda;ord.0a;有秩序[yǒu zhì xù]
orda;ord.0a;崭齐[zhǎn qí],嶄齊[zhǎn qí]
ordema;ord.0ema;整齊[zhěng qí],整齐[zhěng qí]
ordema;ord.0ema;有序[yǒu xù]
ordigi;ord.0igi;整理[zhěng lǐ]
ordigi;ord.0igi;勒令[lè lìng]
ordigi;ord.0igi;布置好[bù zhì hǎo]
ordigi;ord.0igi;有秩序[yǒu zhì xù]
ordigi;ord.0igi;飭[chì],饬[chì]
ordo;ord.0o;秩[zhì]
ordo;ord.0o;順序[shùn xù],顺序[shùn xù]
ordo;ord.0o;次序[cì xù]
ordo;ord.0o;条贯[tiáo guàn],條貫[tiáo guàn]
ordo;ord.0o;秩序[zhì xù]
alordigi;ord.al0igi;归入[guī rù],歸入[guī rù]
alordigi;ord.al0igi;补充编入[bǔ chōng biān rù],補充編入[bǔ chōng biān rù]
bonorda;ord.bon0a.MAT;井井有条[jǐng jǐng yǒu tiáo],井井有條[jǐng jǐng yǒu tiáo]
bona ordo;ord.bona0o;良序关系[liáng xù guān xi],良序關係[liáng xù guān xi]
en ordo!;ord.en0o;美好[měi hǎo]
en ordo!;ord.en0o;好啦[hǎo la]
en ordo!;ord.en0o;好吧[hǎo ba]
en ordo!;ord.en0o;好吗[hǎo ma],好嗎[hǎo ma]
en ordo!;ord.en0o;不差[bù chà]
kunordigi;ord.kun0igi;协调[xié tiáo],協調[xié tiáo]
kunordigi;ord.kun0igi;調協[tiáo xié],调协[tiáo xié]
malordaĵo;ord.mal0ajxo;混乱[hùn luàn],混亂[hùn luàn]
malordaĵo;ord.mal0ajxo;紊乱[wěn luàn],紊亂[wěn luàn]
malordaĵo;ord.mal0ajxo;乱象[luàn xiàng],亂象[luàn xiàng]
malordaĵo;ord.mal0ajxo;脫序[tuō xù],脱序[tuō xù]
malordigi;ord.mal0igi;扰[rǎo],擾[rǎo]
malordigi;ord.mal0igi;搅[jiǎo],攪[jiǎo]
malordigi;ord.mal0igi;搅乱[jiǎo luàn],攪亂[jiǎo luàn]
malordo;ord.mal0o;混乱[hùn luàn],混亂[hùn luàn]
malordo;ord.mal0o;杂乱[zá luàn],雜亂[zá luàn]
malordo;ord.mal0o;紊乱[wěn luàn],紊亂[wěn luàn]
malordo;ord.mal0o;凌乱[líng luàn],凌亂[líng luàn]
publika ordo;ord.publika0o;治安[zhì ān]
reordigi;ord.re0igi;重排[chóng pái]
senorda;ord.sen0a;乱蓬蓬[luàn péng péng],亂蓬蓬[luàn péng péng]
senorda;ord.sen0a;胡花[hú huā]
senorda;ord.sen0a;襶[dài]
senordo;ord.sen0o;失調[shī tiáo],失调[shī tiáo]
senordo;ord.sen0o;紊乱[wěn luàn],紊亂[wěn luàn]
subordigi;ord.sub0igi;属下[shǔ xià],屬下[shǔ xià]
tagordo;ord.tag0o;議程[yì chéng],议程[yì chéng]
tagordo;ord.tag0o;議事日程[yì shì rì chéng],议事日程[yì shì rì chéng]
vortordo;ord.vort0o;詞序[cí xù],词序[cí xù]
vortordo;ord.vort0o;語序[yǔ xù],语序[yǔ xù]
ordeno;orden.0o;兄弟会[xiōng dì huì],兄弟會[xiōng dì huì]
ordeno;orden.0o;章[zhāng]
ordeno;orden.0o.insigno;勋章[xūn zhāng],勛章[xūn zhāng]
ordeno;orden.0o.insigno;徽[huī]
ordeno;orden.0o.insigno;奖章[jiǎng zhāng],獎章[jiǎng zhāng]
ordinara;ordina.0a;平常[píng cháng]
ordinara;ordina.0a;平时[píng shí],平時[píng shí]
ordinara;ordina.0a;一般[yī bān]
ordinara;ordina.0a;中常[zhōng cháng]
ordinara;ordina.0a;平凡[píng fán]
ordinara;ordina.0a;庸[yōng]
ordinara;ordina.0a;普通[pǔ tōng]
ordinara;ordina.0a;正常[zhèng cháng]
ordinara;ordina.0a;平淡[píng dàn]
ordinara;ordina.0a;简单[jiǎn dān],簡單[jiǎn dān]
ordinara;ordina.0a;通常[tōng cháng]
ordinara;ordina.0a;照說[zhào shuō],照说[zhào shuō]
ordinara;ordina.0a;寻常[xún cháng],尋常[xún cháng]
ordinare;ordina.0e;平常[píng cháng]
ordinare;ordina.0e;平时[píng shí],平時[píng shí]
ordinaro;ordina.0o;平常[píng cháng]
ordinarulo;ordina.0ulo;普通人[pǔ tōng rén]
ordinarulo;ordina.0ulo;常人[cháng rén]
ordinarulo;ordina.0ulo;平人[píng rén]
eksterordinara;ordina.ekster0a;出奇[chū qí]
eksterordinara;ordina.ekster0a;非凡[fēi fán]
eksterordinara;ordina.ekster0a;非常[fēi cháng]
eksterordinara;ordina.ekster0a;异乎寻常[yì hū xún cháng],異乎尋常[yì hū xún cháng]
eksterordinara;ordina.ekster0a;异[yì],異[yì]
eksterordinara;ordina.ekster0a;了不起[liǎo bu qǐ]
eksterordinara;ordina.ekster0a;特殊[tè shū]
neordinara;ordina.ne0a;不同寻常[bù tóng xún cháng],不同尋常[bù tóng xún cháng]
neordinara;ordina.ne0a;不平常[bù píng cháng]
neordinara;ordina.ne0a;出奇[chū qí]
neordinara;ordina.ne0a;別樣[bié yàng],别样[bié yàng]
neordinara;ordina.ne0a;反常[fǎn cháng]
neordinara;ordina.ne0a;奇特[qí tè]
neordinara;ordina.ne0a;特[tè]
neordinara;ordina.ne0a;特殊[tè shū]
ordinato;ordina1.0o;縱座標[zòng zuò biāo],纵坐标[zòng zuò biāo]
ordinacio;ordinac.0;按手礼[àn shǒu lǐ],按手禮[àn shǒu lǐ]
ordinacio;ordinac.0;按立[àn lì]
ordonema;ordon.0ema;权威[quán wēi],權威[quán wēi]
ordonema;ordon.0ema;主人派头[zhǔ rén pài tóu],主人派頭[zhǔ rén pài tóu]
ordonema;ordon.0ema;家長式[jiā zhǎng shì],家长式[jiā zhǎng shì]
ordonema;ordon.0ema;专横[zhuān héng],專橫[zhuān héng]
ordonema;ordon.0ema;豪爽[háo shuǎng]
ordoni;ordon.0i;吩咐[fēn fù]
ordoni;ordon.0i;飭[chì],饬[chì]
ordoni;ordon.0i;咐[fù]
ordoni;ordon.0i;命令[mìng lìng]
ordoni;ordon.0i;勒令[lè lìng]
ordoni;ordon.0i;諭[yù],谕[yù]
ordoni;ordon.0i;令[lìng]
ordoni;ordon.0i;吩[fēn]
ordoni;ordon.0i;叫[jiào],呌[jiào]
ordoni;ordon.0i;指挥[zhǐ huī],指揮[zhǐ huī]
ordono;ordon.0o;命令[mìng lìng]
ordono;ordon.0o;指令[zhǐ lìng]
ordono;ordon.0o;指挥[zhǐ huī],指揮[zhǐ huī]
ordono;ordon.0o;指挥权[zhǐ huī quán],指揮權[zhǐ huī quán]
ordono;ordon.0o;号令[hào lìng],號令[hào lìng]
ordono;ordon.0o;訓令[xùn lìng],训令[xùn lìng]
ordono;ordon.0o;指示[zhǐ shì]
ordono;ordon.0o.KOMP;命令[mìng lìng]
Oregono;oregon.0o;俄勒冈[Á lè gāng],俄勒岡[Á lè gāng]
Oregono;oregon.0o;俄勒冈州[Á lè gāng zhōu],俄勒岡州[Á lè gāng zhōu]
orelbruo;orel.0bruo;耳鳴[ěr míng],耳鸣[ěr míng]
orelbruo;orel.0bruo;聎[tiāo]
orelo;orel.0o;耳[ěr]
orelo;orel.0o;耳朵[ěr duo]
orelo;orel.0o;耳根子[ěr gēn zi]
orelo;orel.0o;耳根[ěr gēn]
orfejo;orf.0ejo;孤儿院[gū ér yuàn],孤兒院[gū ér yuàn]
orfejo;orf.0ejo;保育院[bǎo yù yuàn]
orfo;orf.0o;孤儿[gū ér],孤兒[gū ér]
orfo;orf.0o;无双亲的孩子[wú shuāng qīn de hái zi],無雙親的孩子[wú shuāng qīn de hái zi]
orfo;orf.0o;遗孤[yí gū],遺孤[yí gū]
orfo;orf.0o;孤子[gū zǐ]
orfo;orf.0o;孤哀子[gū āi zǐ]
orfo;orf.0o;遗男[yí nán],遺男[yí nán]
Orfeo;orfe.0o;俄耳甫斯[é ěr fǔ sī]
organa;organ.0a;有机[yǒu jī],有機[yǒu jī]
organaro;organ.0aro;器官系統[qì guān xì tǒng],器官系统[qì guān xì tǒng]
organeto;organ.0eto;細胞器[xì bāo qì],细胞器[xì bāo qì]
organo;organ.0o;机构[jī gòu],機構[jī gòu]
organo;organ.0o;內臟[nèi zàng],内脏[nèi zàng]
sensorgano;organ.sens0o;感官[gǎn guān]
sensorgano;organ.sens0o;感覺器[gǎn jué qì],感觉器[gǎn jué qì]
sensorgano;organ.sens0o;感覺器官[gǎn jué qì guān],感觉器官[gǎn jué qì guān]
sensorgano;organ.sens0o;五官[wǔ guān]
organika;organi.0a;有机[yǒu jī],有機[yǒu jī]
neorganika;organi.ne0a;无机[wú jī],無機[wú jī]
organismo;organi1.0o;机体[jī tǐ],機體[jī tǐ]
organismo;organi1.0o;肌体[jī tǐ],肌體[jī tǐ]
organismo;organi1.0o;生物[shēng wù]
organismo;organi1.0o;有机体[yǒu jī tǐ],有機體[yǒu jī tǐ]
organo;;器官[qì guān]
organa;;器官[qì guān]
organizado;organi2.0ado;組織[zǔ zhī],组织[zǔ zhī]
organizado;organi2.0ado;組團[zǔ tuán],组团[zǔ tuán]
organizado;organi2.0ado;系統化[xì tǒng huà],系统化[xì tǒng huà]
organizaĵo;organi2.0ajxo;机构[jī gòu],機構[jī gòu]
organizaĵo;organi2.0ajxo;組織[zǔ zhī],组织[zǔ zhī]
organizaĵo;organi2.0ajxo;团体[tuán tǐ],團體[tuán tǐ]
organizaĵo;organi2.0ajxo;社团[shè tuán],社團[shè tuán]
organizaĵo;organi2.0ajxo;社会团体[shè huì tuán tǐ],社會團體[shè huì tuán tǐ]
Organizaĵo por Sekureco kaj Kunlaboro en Eŭropo;organi2.0ajxo_por_Sekureco_kaj_Kunlaboro_en_Euxropo;欧洲安全与合作组织[Āu zhōu Ān quán yǔ Hé zuò Zǔ zhī],歐洲安全與合作組織[Āu zhōu Ān quán yǔ Hé zuò Zǔ zhī]
organizi;organi2.0i;組織[zǔ zhī],组织[zǔ zhī]
organizi;organi2.0i;組[zǔ],组[zǔ]
organizi;organi2.0i;举办[jǔ bàn],舉辦[jǔ bàn]
organizo;organi2.0o;机构[jī gòu],機構[jī gòu]
organizo;organi2.0o;团体[tuán tǐ],團體[tuán tǐ]
organizo;organi2.0o;社团[shè tuán],社團[shè tuán]
organizo;organi2.0o;組織[zǔ zhī],组织[zǔ zhī]
organizo;organi2.0o;組團[zǔ tuán],组团[zǔ tuán]
Internacia Labor-Organizaĵo;organi2.Internacia_Labor0ajxo;国际劳工组织[Guó jì Láo gōng Zǔ zhī],國際勞工組織[Guó jì Láo gōng Zǔ zhī]
malorganiziĝi;organi2.dis0igxi;解体[jiě tǐ],解體[jiě tǐ]
neregistara organizaĵo;organi2.neregistara0ajxo;民間組織[mín jiān zǔ zhī],民间组织[mín jiān zǔ zhī]
neregistara organizaĵo;organi2.neregistara0ajxo;非政府組織[fēi zhèng fǔ zǔ zhī],非政府组织[fēi zhèng fǔ zǔ zhī]
neregistara organizaĵo;organi2.neregistara0ajxo;非政府机构[fēi zhèng fǔ jī gòu],非政府機構[fēi zhèng fǔ jī gòu]
reorganizi;organi2.re0i;重新安排[chóng xīn ān pái]
reorganizi;organi2.re0i;重新組織[chóng xīn zǔ zhī],重新组织[chóng xīn zǔ zhī]
reorganizi;organi2.re0i;改組[gǎi zǔ],改组[gǎi zǔ]
reorganizi;organi2.re0i;整頓[zhěng dùn],整顿[zhěng dùn]
reorganizi;organi2.re0i;重整[chóng zhěng]
orgasmo;orgasm.0o;性高潮[xìng gāo cháo]
orgasmi;;高潮[gāo cháo]
orgeno;orgen.0o;管風琴[guǎn fēng qín],管风琴[guǎn fēng qín]
orgojla;orgojl.0a;傲[ào]
orgojla;orgojl.0a;驕[jiāo],骄[jiāo]
orgojla;orgojl.0a;憍[jiāo]
orgojla;orgojl.0a;高傲[gāo ào]
orgojla;orgojl.0a;自大[zì dà]
orgojla;orgojl.0a;嚣张[xiāo zhāng],囂張[xiāo zhāng]
orgojla;orgojl.0a;傲慢[ào màn]
orgojli;orgojl.0i;拿大[ná dà]
orgojlo;orgojl.0o;驕傲[jiāo ào],骄傲[jiāo ào]
orgojlo;orgojl.0o;自傲[zì ào]
orgojlo;orgojl.0o;自大[zì dà]
orgojlo;orgojl.0o;目中无人[mù zhōng wú rén],目中無人[mù zhōng wú rén]
orielo;oriel.0o;凸窗[tū chuāng]
orienta;orient.0a;东部[dōng bù],東部[dōng bù]
orienta;orient.0a;向东方[xiàng dōng fāng],向東方[xiàng dōng fāng]
orienta;orient.0a;从东[cóng dōng],從東[cóng dōng]
orienta;orient.0a;从东方[cóng dōng fāng],從東方[cóng dōng fāng]
orienta;orient.0a;自东[zì dōng],自東[zì dōng]
orienta;orient.0a;东方国家[dōng fāng guó jiā],東方國家[dōng fāng guó jiā]
orienten;orient.0en;向东[xiàng dōng],向東[xiàng dōng]
orienti;orient.0i;导向[dǎo xiàng],導向[dǎo xiàng]
orientiĝo;orient.0igxo;方向[fāng xiang]
orientilo;orient.0ilo;地标[dì biāo],地標[dì biāo]
orientilo;orient.0ilo;取向点[qǔ xiàng diǎn],取向點[qǔ xiàng diǎn]
orientilo;orient.0ilo;定位中心[dìng wèi zhōng xīn]
orientilo;orient.0ilo;定位点[dìng wèi diǎn],定位點[dìng wèi diǎn]
orientilo;orient.0ilo;方向点[fāng xiàng diǎn],方向點[fāng xiàng diǎn]
orientilo;orient.0ilo;辨認方向的標誌[biàn rèn fāng xiàng de biāo zhì],辨认方向的标志[biàn rèn fāng xiàng de biāo zhì]
orientiĝo;;取向[qǔ xiàng]
Ekstremoriento;orient.ekstrem0o;远东[Yuǎn dōng],遠東[Yuǎn dōng]
Oriento;;东方[dōng fāng],東方[dōng fāng]
misorientiĝi;orient.mis0igxi;迷失[mí shī]
misorientiĝi;orient.mis0igxi;迷路[mí lù]
nordoriente;orient.nord0e;东北方[dōng běi fāng],東北方[dōng běi fāng]
sudoriente;orient.sud0e;在东南[zài dōng nán],在東南[zài dōng nán]
sudoriente;orient.sud0e;从东南[cóng dōng nán],從東南[cóng dōng nán]
orientalismo;orient1.0o.SCI;东方式[dōng fāng shì],東方式[dōng fāng shì]
orientalismo;;亚洲研究[yà zhōu yán jiū],亞洲研究[yà zhōu yán jiū]
orientalismo;;东方主义[dōng fāng zhǔ yì],東方主義[dōng fāng zhǔ yì]
orientalistiko;orientalistik.0o;东方式[dōng fāng shì],東方式[dōng fāng shì]
orientalistiko;orientalistik.0o;亚洲研究[yà zhōu yán jiū],亞洲研究[yà zhōu yán jiū]
orientalistiko;orientalistik.0o;东方主义[dōng fāng zhǔ yì],東方主義[dōng fāng zhǔ yì]
orifico;orific.0o;窍[qiào],竅[qiào]
origano;origan.0o;牛至[niú zhì]
origina;origin.0a;原先[yuán xiān]
origina;origin.0a;原來[yuán lái],原来[yuán lái]
origina;origin.0a;原[yuán]
origina;origin.0a;原本[yuán běn]
origina;origin.0a;本來[běn lái],本来[běn lái]
origina;origin.0a;原定[yuán dìng]
origini;origin.0i;來源於[lái yuán yú],来源于[lái yuán yú]
origine;;原來[yuán lái],原来[yuán lái]
origino;origin.0o.MAT;由來[yóu lái],由来[yóu lái]
origino;origin.0o.deveno;來歷[lái lì],来历[lái lì]
origino;origin.0o.deveno;根源[gēn yuán]
origino;origin.0o.deveno;淵源[yuān yuán],渊源[yuān yuán]
origino;origin.0o.deveno;出身[chū shēn]
origino;origin.0o.kauxzo;由來[yóu lái],由来[yóu lái]
origino;origin.0o.kauxzo;根源[gēn yuán]
origino;origin.0o.kauxzo;肇[zhào],肈[zhào]
origino;origin.0o.kauxzo;原产地[yuán chǎn dì],原產地[yuán chǎn dì]
origino;origin.0o.kauxzo;原件[yuán jiàn]
origino;origin.0o.kauxzo;來源[lái yuán],来源[lái yuán]
originala;origin1.0a;原本[yuán běn]
originala;origin1.0a;原[yuán]
originala;origin1.0a;原汁原味[yuán zhī yuán wèi]
originala;origin1.0a;戛戛独造[jiá jiá dú zào],戛戛獨造[jiá jiá dú zào]
originala;origin1.0a;独到[dú dào],獨到[dú dào]
originalo;origin1.0o;原件[yuán jiàn]
originalo;origin1.0o;原作[yuán zuò]
originalo;origin1.0o;原物[yuán wù]
originalo;origin1.0o;正本[zhèng běn]
originalo;origin1.0o;原文[yuán wén]
originalo;origin1.0o;原著[yuán zhù]
oriolo;oriol.0o;鶬[cāng],鸧[cāng]
oriolo;oriol.0o;鶊[gēng],鹒[gēng]
oriolo;oriol.0o;鸝[lí],鹂[lí]
oriolo;oriol.0o;鶊[gēng]
oriolo;oriol.0o;鶬[cāng]
oriolo;oriol.0o;莺鸟[yīng niǎo],鶯鳥[yīng niǎo]
orkestrejo;orkest.0ejo;乐池[yuè chí],樂池[yuè chí]
orkestro;orkest.0o;交响乐团[jiāo xiǎng yuè tuán],交響樂團[jiāo xiǎng yuè tuán]
orkestro;orkest.0o;乐团[yuè tuán],樂團[yuè tuán]
orkestro;orkest.0o;管弦乐团[guǎn xián yuè tuán],管弦樂團[guǎn xián yuè tuán]
orkido;orkid.0o.ANA;睾丸[gāo wán]
orkido;orkid.0o.BOT;兰花[lán huā],蘭花[lán huā]
orkido;orkid.0o.BOT;兰[lán],蘭[lán]
orkido;orkid.0o.BOT;佩兰[pèi lán],佩蘭[pèi lán]
orkido;orkid.0o.BOT;蘭[lán]
orkido;orkid.0o.BOT;薽[zhēn]
orkidacoj;orkidac.0oj;蘭[lán]
orkideo;orkide.0o;兰花[lán huā],蘭花[lán huā]
orkideo;orkide.0o;兰[lán],蘭[lán]
orkideo;orkide.0o;薽[zhēn]
orkideo;orkide.0o;佩兰[pèi lán],佩蘭[pèi lán]
orkideo;orkide.0o;蘭[lán]
orli;orl.0i;卷边[juǎn biān],捲邊[juǎn biān]
orli;orl.0i;衣服縫邊[yī fú fèng biān],衣服缝边[yī fú fèng biān]
orlo;orl.0o;卷边[juǎn biān],捲邊[juǎn biān]
orlo;orl.0o;衣服縫邊[yī fú fèng biān],衣服缝边[yī fú fèng biān]
orlo;orl.0o;下摆[xià bǎi],下擺[xià bǎi]
orlo;orl.0o;底边[dǐ biān],底邊[dǐ biān]
orlo;orl.0o;䙓[bǎi],襬[bǎi]
Orleano;orlean.0o;奥尔良[ào ěr liáng],奧爾良[ào ěr liáng]
ornamado;ornam.0ado;飾[shì],饰[shì]
ornamaĵo;ornam.0ajxo;妆[zhuāng],粧[zhuāng]
ornamaĵo;ornam.0ajxo;瓖[xiāng]
ornamaĵo;ornam.0ajxo;妆[zhuāng],妝[zhuāng]
ornamaĵo;ornam.0ajxo;佩飾[pèi shì],佩饰[pèi shì]
ornamaĵo;ornam.0ajxo;装潢[zhuāng huáng],裝潢[zhuāng huáng]
ornamaĵo;ornam.0ajxo;装饰品[zhuāng shì pǐn],裝飾品[zhuāng shì pǐn]
ornamaĵo;ornam.0ajxo;配飾[pèi shì],配饰[pèi shì]
ornamaĵo;ornam.0ajxo;飾品[shì pǐn],饰品[shì pǐn]
ornamaĵo;ornam.0ajxo;飾物[shì wù],饰物[shì wù]
ornamaĵo;ornam.0ajxo;添飾[tiān shì],添饰[tiān shì]
ornamaĵo;ornam.0ajxo;装饰物[zhuāng shì wù],裝飾物[zhuāng shì wù]
ornamaĵo;ornam.0ajxo;綴飾[zhuì shì],缀饰[zhuì shì]
ornami;ornam.0i;修飾[xiū shì],修饰[xiū shì]
ornami;ornam.0i;飾[shì],饰[shì]
ornami;ornam.0i;装饰[zhuāng shì],裝飾[zhuāng shì]
ornami;ornam.0i;点缀[diǎn zhuì],點綴[diǎn zhuì]
ornami;ornam.0i;装点[zhuāng diǎn],裝點[zhuāng diǎn]
ornamo;ornam.0o.ado;飾[shì],饰[shì]
ornamo;ornam.0o.ado;装饰物[zhuāng shì wù],裝飾物[zhuāng shì wù]
ornamo;ornam.0o.ado;瓖[xiāng]
ornamo;ornam.0o.ado;藏品[cáng pǐn]
ornitologio;ornito.0o;鳥類學[niǎo lèi xué],鸟类学[niǎo lèi xué]
ornitorinko;ornito1.0o;鴨嘴獸[yā zuǐ shòu],鸭嘴兽[yā zuǐ shòu]
orta;ort.0a.angulo;直角[zhí jiǎo]
ortangulilo;ort.0ilo;三角尺[sān jiǎo chǐ]
orto;ort.0o;直角[zhí jiǎo]
orto;ort.0o;正角[zhèng jué]
ortodoksa kristanismo;ortodo.0akristanismo;正教[zhèng jiào]
ortodoksa kristanismo;ortodo.0akristanismo;正統[zhèng tǒng],正统[zhèng tǒng]
ortodoksismo;ortodo.0ismo;正統[zhèng tǒng],正统[zhèng tǒng]
ortodoksismo;ortodo.0ismo;正教[zhèng jiào]
ortodoksismo;ortodo.0ismo;正統觀念[zhèng tǒng guān niàn],正统观念[zhèng tǒng guān niàn]
ortodoksismo;ortodo.0ismo;正統說法[zhèng tǒng shuō fa],正统说法[zhèng tǒng shuō fa]
malortodoksa;;非教条[fēi jiào tiáo],非教條[fēi jiào tiáo]
ortografio;ortogr.0o;正詞法[zhèng cí fǎ],正词法[zhèng cí fǎ]
misortografii;ortogr.mis0i;拼錯[pīn cuò],拼错[pīn cuò]
ortopediisto;ortope.0isto;整形外科医师[zhěng xíng wài kē yī shī],整形外科醫師[zhěng xíng wài kē yī shī]
ortopediisto;ortope.0isto;矫形医生[jiǎo xíng yī shēng],矯形醫生[jiǎo xíng yī shēng]
ortopedio;ortope.0o;骨科[gǔ kē]
ortopedio;ortope.0o;整形外科[zhěng xíng wài kē]
ortopedo;ortoped.0o;整形外科医师[zhěng xíng wài kē yī shī],整形外科醫師[zhěng xíng wài kē yī shī]
ortopteroj;ortopter.0oj;直翅目[zhí chì mù]
Osako;osak.0o;大阪[Dà bǎn]
oscedi;osced.0i;张口[zhāng kǒu],張口[zhāng kǒu]
oscedi;osced.0i;打哈欠[dǎ hā qian]
oscedi;osced.0i;呿[qū]
oscedi;osced.0i;打呵欠[dǎ hē qiàn]
oscili;oscil.0i;摆动[bǎi dòng],擺動[bǎi dòng]
oscili;oscil.0i;搖擺[yáo bǎi],摇摆[yáo bǎi]
oscili;oscil.0i;振荡[zhèn dàng],振蕩[zhèn dàng]
oscilatoro;oscila.0o;振荡器[zhèn dàng qì],振蕩器[zhèn dàng qì]
oscilatoro;oscila.0o;振动器[zhèn dòng qì],振動器[zhèn dòng qì]
oscilatoro;oscila.0o;振动者[zhèn dòng zhě],振動者[zhèn dòng zhě]
oscilatoro;oscila.0o;发振器[fā zhèn qì],發振器[fā zhèn qì]
oscilatoro;oscila.0o;振子[zhèn zǐ]
osciloskopo;osciloskop.0o.ELE;示波器[shì bō qì]
oseto;oset.0o;奥塞梯人[ào sāi tī rén],奧塞梯人[ào sāi tī rén]
Osetio;oseti.0o;奥塞梯[Ào sè tī],奧塞梯[Ào sè tī]
Oskaro;oskar.0o;奥斯卡[Ào sī kǎ],奧斯卡[Ào sī kǎ]
Oskaro;;奥斯卡[ào sī kǎ],奧斯卡[ào sī kǎ]
osmanida;osman.0ida;奥斯曼人的[ào sī màn rén de],奧斯曼人的[ào sī màn rén de]
Osmanido;osman.0ido;奥斯曼[Ào sī màn],奧斯曼[Ào sī màn]
osmanto;osmant.0o;桂[guì]
osmanto;osmant.0o;樨[xī]
osmio;osmi.0o;鋨[é],锇[é]
osmozo;osmoz.0o;渗透[shèn tòu],滲透[shèn tòu]
osmozo;osmoz.0o;渗透作用[shèn tòu zuò yòng],滲透作用[shèn tòu zuò yòng]
osta;ost.0a;瘦骨棱棱[shòu gǔ léng léng]
ostaro;ost.0aro;骸骨[hái gǔ]
ostaro;ost.0aro;骨骼[gǔ gé]
ostaro;ost.0aro;骨头架子[gǔ tou jià zi],骨頭架子[gǔ tou jià zi]
ostaro;ost.0aro;骨架[gǔ jià]
ostaro;ost.0aro;白骨[bái gǔ]
osto;ost.0o;骨[gǔ]
osto;ost.0o;骨头[gǔ tou],骨頭[gǔ tou]
osto;ost.0o;骨骼[gǔ gé]
osto;ost.0o;冎[guǎ]
osto;ost.0o;搖枕弔[yáo zhěn diào],摇枕吊[yáo zhěn diào]
osto;ost.0o;骨头[gú tou],骨頭[gú tou]
fiŝosto;ost.fisx0o;魚骨[yú gǔ],鱼骨[yú gǔ]
fiŝosto;ost.fisx0o;骾[gěng]
fiŝosto;ost.fisx0o;魚刺[yú cì],鱼刺[yú cì]
fiŝosto;ost.fisx0o;鯁[gěng],鲠[gěng]
fiŝosto;ost.fisx0o;挭[gěng]
ĝisosta;ost.gxis0a.FIG;彻骨[chè gǔ],徹骨[chè gǔ]
ĝisosta;ost.gxis0a.FIG;激进[jī jìn],激進[jī jìn]
pubosto;ost.pub0o;恥骨[chǐ gǔ],耻骨[chǐ gǔ]
pubosto;ost.pub0o;交骨[jiāo gǔ]
pubosto;ost.pub0o;横骨[héng gǔ],橫骨[héng gǔ]
vangosto;ost.vang0o;馗[kuí]
vangosto;ost.vang0o;顴[quán],颧[quán]
ostaĝo;ostagx.0o;人質[rén zhì],人质[rén zhì]
ostaĝo;ostagx.0o;質[zhì],质[zhì]
ostaĝo;ostagx.0o;肉票[ròu piào]
osteoporozo;osteoporoz.0o;骨質疏鬆症[gǔ zhí shū sōng zhèng],骨质疏松症[gǔ zhí shū sōng zhèng]
osteoporozo;osteoporoz.0o;骨質疏鬆症[gǔ zhì shū sōng zhèng],骨质疏松症[gǔ zhì shū sōng zhèng]
osteoporozo;osteoporoz.0o;骨質疏鬆[gǔ zhì shū sōng],骨质疏松[gǔ zhì shū sōng]
ostoporozo;ostoporoz.0o;骨質疏鬆症[gǔ zhí shū sōng zhèng],骨质疏松症[gǔ zhí shū sōng zhèng]
ostoporozo;ostoporoz.0o;骨質疏鬆症[gǔ zhì shū sōng zhèng],骨质疏松症[gǔ zhì shū sōng zhèng]
ostoporozo;ostoporoz.0o;骨質疏鬆[gǔ zhì shū sōng],骨质疏松[gǔ zhì shū sōng]
ostro;ostr.0o;牡蛎[mǔ lì],牡蠣[mǔ lì]
ostro;ostr.0o;蚝[háo],蠔[háo]
ostro;ostr.0o;蛎[lì],蠣[lì]
Osvaldo;osvald.0o.NOM;奥斯瓦尔德[ào sī wǎ ěr dé],奧斯瓦爾德[ào sī wǎ ěr dé]
Otavo;otav.0o.cxefurbo;渥太华[Wò tài huá],渥太華[Wò tài huá]
otido;otid.0o.ZOO;鴇[bǎo],鸨[bǎo]
malgranda otido;otid.malgranda0o;小鴇[xiǎo bǎo],小鸨[xiǎo bǎo]
otito;otit.0o;中耳炎[zhōng ěr yán]
otito;otit.0o;外耳炎[wài ěr yán]
otomana;otoman.0a;奥斯曼[Ào sī màn],奧斯曼[Ào sī màn]
otorinolaringologo;otorinolaringolog.0o.MED;喉鼻耳科大夫[hóu bí ěr kē dài fu]
otorinolaringologo;otorinolaringolog.0o.MED;耳鼻喉医生[ěr bí hóu yī shēng],耳鼻喉醫生[ěr bí hóu yī shēng]
otorinolaringologio;otorinolaringologi.0o;耳鼻咽喉[ěr bí yān hóu]
ovaĵo;ov.0ajxo;摊鸡蛋[tān jī dàn],攤雞蛋[tān jī dàn]
ovaĵo;ov.0ajxo;炒蛋[chǎo dàn]
ovaĵo;ov.0ajxo;炒雞蛋[chǎo jī dàn],炒鸡蛋[chǎo jī dàn]
ovaĵo;ov.0ajxo;煎蛋卷[jiān dàn juǎn]
ovingo;ov.0ingo;蛋杯[dàn bēi]
ovo;ov.0o;卵[luǎn]
ovo;ov.0o;蛋[dàn]
ovaĵo;;荷包蛋[hé bāo dàn]
ovujo;ov.0ujo;卵巢[luǎn cháo]
ovujo;ov.0ujo;卵巢窝[luǎn cháo wō],卵巢窩[luǎn cháo wō]
ovujo;ov.0ujo;子房[zǐ fáng]
kirlovaĵo;ov.kirl0ajxo;欧姆蛋[ōu mǔ dàn],歐姆蛋[ōu mǔ dàn]
kirlovaĵo;ov.kirl0ajxo;奄列[yǎn liè]
kirlovaĵo;ov.kirl0ajxo;煎蛋卷[jiān dàn juǎn]
kirlovaĵo;ov.kirl0ajxo;蛋包[dàn bāo]
kirlovaĵo;ov.kirl0ajxo;煎蛋卷[jiān dàn juǎn],煎蛋捲[jiān dàn juǎn]
kirlovaĵo;ov.kirl0ajxo;純蛋捲[chún dàn juǎn],纯蛋卷[chún dàn juǎn]
kirlovaĵo;ov.kirl0ajxo;活力蛋餅[huó lì dàn bǐng]
kirlovaĵo;;炒蛋[chǎo dàn]
ovacii;ovaci.0i;喝彩[hē cǎi]
ovacii;ovaci.0i;喝采[hè cǎi]
ovala;oval.0a;卵形[luǎn xíng]
ovala;oval.0a;椭圆[tuǒ yuán],橢圓[tuǒ yuán]
ovala;oval.0a;椭圆形[tuǒ yuán xíng],橢圓形[tuǒ yuán xíng]
ovala;oval.0a;椭[tuǒ],橢[tuǒ]
ovala;oval.0a;卵圆[luǎn yuán],卵圓[luǎn yuán]
ovala;oval.0a;卵圆形[luǎn yuán xíng],卵圓形[luǎn yuán xíng]
ovala;oval.0a;蛋形[dàn xíng]
ovalo;oval.0o;椭圆形[tuǒ yuán xíng],橢圓形[tuǒ yuán xíng]
ovalo;oval.0o;卵圆[luǎn yuán],卵圓[luǎn yuán]
ovario;ovari.0o;卵巢[luǎn cháo]
ovario;ovari.0o;卵巢窝[luǎn cháo wō],卵巢窩[luǎn cháo wō]
ovario;ovari.0o;子房[zǐ fáng]
Overiselo;overise.O0o;上艾瑟尔[Shàng ài sè ěr],上艾瑟爾[Shàng ài sè ěr]
ovri;ovr.0i;撬开[qiào kāi],撬開[qiào kāi]
ovri;ovr.0i;攋[là]
ovri;ovr.0i;奓[zhà]
ovri;ovr.0i;捭[bǎi]
ovolo;ovul.0o;卵子[luǎn zǐ]
ovolo;ovul.0o;胚珠[pēi zhū]
ovolo;ovul.0o;卵細胞[luǎn xì bāo],卵细胞[luǎn xì bāo]
Oziriso;oziris.0o;欧西里斯[ōu xī lǐ sī],歐西裡斯[ōu xī lǐ sī]
ozono;ozon.0o;臭氧[chòu yǎng]
